2026/07/28 06:46:01 Manager: miner started
2026/07/28 06:46:01 Web UI: http://0.0.0.0:3002
2026/07/28 06:46:01 Config: pool=stratum+tcp://127.0.0.1:3333 wallet=LdSFxARnWYfZnQ8sipJ6eCzkTGNiNpn5AW workers=4
2026/07/28 06:46:01 Legacycoin Miner | Workers: 4
2026/07/28 06:46:01 job 4867718f
2026/07/28 06:46:01 job 4867718f
2026/07/28 06:46:09 acc 0  rate 0 H/s
2026/07/28 06:46:15 job 54b6270b
2026/07/28 06:46:17 acc 0  rate 479 H/s
2026/07/28 06:46:25 acc 0  rate 409 H/s
2026/07/28 06:46:33 acc 0  rate 421 H/s
2026/07/28 06:46:35 job 3fa27b6d
2026/07/28 06:46:41 acc 0  rate 358 H/s
2026/07/28 06:46:49 acc 0  rate 380 H/s
2026/07/28 06:46:57 acc 0  rate 459 H/s
2026/07/28 06:47:05 acc 0  rate 411 H/s
2026/07/28 06:47:13 acc 0  rate 398 H/s
2026/07/28 06:47:21 acc 0  rate 390 H/s
2026/07/28 06:47:29 acc 0  rate 455 H/s
2026/07/28 06:47:37 acc 0  rate 412 H/s
2026/07/28 06:47:45 acc 0  rate 491 H/s
2026/07/28 06:47:53 acc 0  rate 444 H/s
2026/07/28 06:48:01 acc 0  rate 440 H/s
2026/07/28 06:48:09 acc 0  rate 478 H/s
2026/07/28 06:48:17 acc 0  rate 424 H/s
2026/07/28 06:48:25 acc 0  rate 482 H/s
2026/07/28 06:48:33 acc 0  rate 453 H/s
2026/07/28 06:48:41 acc 0  rate 448 H/s
2026/07/28 06:48:49 acc 0  rate 462 H/s
2026/07/28 06:48:57 acc 0  rate 430 H/s
2026/07/28 06:49:05 acc 0  rate 472 H/s
2026/07/28 06:49:13 acc 0  rate 421 H/s
2026/07/28 06:49:21 acc 0  rate 478 H/s
2026/07/28 06:49:29 acc 0  rate 444 H/s
2026/07/28 06:49:37 acc 0  rate 410 H/s
2026/07/28 06:49:45 acc 0  rate 462 H/s
2026/07/28 06:49:53 acc 0  rate 458 H/s
2026/07/28 06:50:01 acc 0  rate 452 H/s
2026/07/28 06:50:09 acc 0  rate 460 H/s
2026/07/28 06:50:17 acc 0  rate 448 H/s
2026/07/28 06:50:25 acc 0  rate 465 H/s
2026/07/28 06:50:33 acc 0  rate 491 H/s
2026/07/28 06:50:35 job bd4913d4
2026/07/28 06:50:41 acc 0  rate 456 H/s
2026/07/28 06:50:49 acc 0  rate 486 H/s
2026/07/28 06:50:55 job 84b96a23
2026/07/28 06:50:57 acc 0  rate 416 H/s
2026/07/28 06:51:05 acc 0  rate 416 H/s
2026/07/28 06:51:13 acc 0  rate 395 H/s
2026/07/28 06:51:15 job 7d8c4c15
2026/07/28 06:51:21 acc 0  rate 428 H/s
2026/07/28 06:51:29 acc 0  rate 453 H/s
2026/07/28 06:51:35 job 2b855270
2026/07/28 06:51:37 acc 0  rate 381 H/s
2026/07/28 06:51:45 acc 0  rate 484 H/s
2026/07/28 06:51:53 acc 0  rate 428 H/s
2026/07/28 06:51:55 job 6602055d
2026/07/28 06:52:01 acc 0  rate 420 H/s
2026/07/28 06:52:09 acc 0  rate 441 H/s
2026/07/28 06:52:15 job 40e54887
2026/07/28 06:52:17 acc 0  rate 419 H/s
2026/07/28 06:52:25 acc 0  rate 401 H/s
2026/07/28 06:52:33 acc 0  rate 471 H/s
2026/07/28 06:52:35 job 8948b065
2026/07/28 06:52:41 acc 0  rate 457 H/s
2026/07/28 06:52:49 acc 0  rate 413 H/s
2026/07/28 06:52:55 job d8e6f0c6
2026/07/28 06:52:57 acc 0  rate 428 H/s
2026/07/28 06:53:05 acc 0  rate 436 H/s
2026/07/28 06:53:13 acc 0  rate 427 H/s
2026/07/28 06:53:15 job 2f542f2e
2026/07/28 06:53:21 acc 0  rate 461 H/s
2026/07/28 06:53:29 acc 0  rate 445 H/s
2026/07/28 06:53:35 job 967a809b
2026/07/28 06:53:37 acc 0  rate 449 H/s
2026/07/28 06:53:45 acc 0  rate 460 H/s
2026/07/28 06:53:53 acc 0  rate 420 H/s
2026/07/28 06:53:55 job 1c2aeee6
2026/07/28 06:54:01 acc 0  rate 430 H/s
2026/07/28 06:54:09 acc 0  rate 427 H/s
2026/07/28 06:54:15 job 89759be5
2026/07/28 06:54:17 acc 0  rate 445 H/s
2026/07/28 06:54:25 acc 0  rate 440 H/s
2026/07/28 06:54:33 acc 0  rate 434 H/s
2026/07/28 06:54:35 job 81fb093f
2026/07/28 06:54:41 acc 0  rate 441 H/s
2026/07/28 06:54:49 acc 0  rate 451 H/s
2026/07/28 06:54:55 job 80c13a68
2026/07/28 06:54:57 acc 0  rate 379 H/s
2026/07/28 06:55:05 acc 0  rate 443 H/s
2026/07/28 06:55:13 acc 0  rate 449 H/s
2026/07/28 06:55:15 job 38242336
2026/07/28 06:55:21 acc 0  rate 456 H/s
2026/07/28 06:55:29 acc 0  rate 484 H/s
2026/07/28 06:55:35 job bc04a2fa
2026/07/28 06:55:37 acc 0  rate 461 H/s
2026/07/28 06:55:45 acc 0  rate 410 H/s
2026/07/28 06:55:53 acc 0  rate 428 H/s
2026/07/28 06:55:55 job 860d06f1
2026/07/28 06:56:01 acc 0  rate 428 H/s
2026/07/28 06:56:09 acc 0  rate 488 H/s
2026/07/28 06:56:15 job d5457517
2026/07/28 06:56:17 acc 0  rate 452 H/s
2026/07/28 06:56:25 acc 0  rate 385 H/s
2026/07/28 06:56:33 acc 0  rate 454 H/s
2026/07/28 06:56:35 job 00291d8b
2026/07/28 06:56:41 acc 0  rate 474 H/s
2026/07/28 06:56:49 acc 0  rate 467 H/s
2026/07/28 06:56:55 job 9bbb02db
2026/07/28 06:56:57 acc 0  rate 461 H/s
2026/07/28 06:57:05 acc 0  rate 442 H/s
2026/07/28 06:57:13 acc 0  rate 480 H/s
2026/07/28 06:57:15 job 92fe4b2e
2026/07/28 06:57:21 acc 0  rate 437 H/s
2026/07/28 06:57:29 acc 0  rate 427 H/s
2026/07/28 06:57:36 job 6700996b
2026/07/28 06:57:37 acc 0  rate 295 H/s
2026/07/28 06:57:45 acc 0  rate 248 H/s
2026/07/28 06:57:53 acc 0  rate 288 H/s
2026/07/28 06:57:56 job db47a172
2026/07/28 06:58:01 acc 0  rate 296 H/s
2026/07/28 06:58:09 acc 0  rate 248 H/s
2026/07/28 06:58:15 job fe0bfc9e
2026/07/28 06:58:17 acc 0  rate 262 H/s
2026/07/28 06:58:25 acc 0  rate 267 H/s
2026/07/28 06:58:33 acc 0  rate 273 H/s
2026/07/28 06:58:35 job 22275fd9
2026/07/28 06:58:41 acc 0  rate 225 H/s
2026/07/28 06:58:49 acc 0  rate 246 H/s
2026/07/28 06:58:55 job c3b9d2c1
2026/07/28 06:58:57 acc 0  rate 242 H/s
2026/07/28 06:59:05 acc 0  rate 352 H/s
2026/07/28 06:59:13 acc 0  rate 422 H/s
2026/07/28 06:59:16 job e04efc2b
2026/07/28 06:59:21 acc 0  rate 350 H/s
2026/07/28 06:59:29 acc 0  rate 502 H/s
2026/07/28 06:59:35 job ac0c7a88
2026/07/28 06:59:37 acc 0  rate 446 H/s
2026/07/28 06:59:45 acc 0  rate 271 H/s
2026/07/28 06:59:53 acc 0  rate 243 H/s
2026/07/28 06:59:55 job a02043b1
2026/07/28 07:00:01 acc 0  rate 297 H/s
2026/07/28 07:00:09 acc 0  rate 269 H/s
2026/07/28 07:00:15 job 4d7cfd03
2026/07/28 07:00:17 acc 0  rate 267 H/s
2026/07/28 07:00:25 acc 0  rate 291 H/s
2026/07/28 07:00:33 acc 0  rate 253 H/s
2026/07/28 07:00:36 job 3fca6207
2026/07/28 07:00:41 acc 0  rate 261 H/s
2026/07/28 07:00:49 acc 0  rate 264 H/s
2026/07/28 07:00:56 job b94c01e5
2026/07/28 07:00:57 acc 0  rate 267 H/s
2026/07/28 07:01:05 acc 0  rate 311 H/s
2026/07/28 07:01:13 acc 0  rate 293 H/s
2026/07/28 07:01:16 job f0a156d1
2026/07/28 07:01:21 acc 0  rate 278 H/s
2026/07/28 07:01:29 acc 0  rate 294 H/s
2026/07/28 07:01:35 job f1ddaca4
2026/07/28 07:01:37 acc 0  rate 244 H/s
2026/07/28 07:01:45 acc 0  rate 428 H/s
2026/07/28 07:01:53 acc 0  rate 460 H/s
2026/07/28 07:01:55 job 27e95fd1
2026/07/28 07:02:01 acc 0  rate 457 H/s
2026/07/28 07:02:09 acc 0  rate 470 H/s
2026/07/28 07:02:16 job a0003766
2026/07/28 07:02:17 acc 0  rate 461 H/s
2026/07/28 07:02:25 acc 0  rate 427 H/s
2026/07/28 07:02:33 acc 0  rate 345 H/s
2026/07/28 07:02:36 job 8bba85b9
2026/07/28 07:02:41 acc 0  rate 260 H/s
2026/07/28 07:02:49 acc 1  rate 278 H/s
2026/07/28 07:02:55 job 5b167693
2026/07/28 07:02:57 acc 1  rate 274 H/s
2026/07/28 07:03:05 acc 1  rate 286 H/s
2026/07/28 07:03:13 acc 1  rate 249 H/s
2026/07/28 07:03:15 job d8e1096b
2026/07/28 07:03:21 acc 1  rate 284 H/s
2026/07/28 07:03:29 acc 1  rate 278 H/s
2026/07/28 07:03:36 job b6097465
2026/07/28 07:03:37 acc 1  rate 320 H/s
2026/07/28 07:03:45 acc 2  rate 473 H/s
2026/07/28 07:03:53 acc 2  rate 307 H/s
2026/07/28 07:03:55 job 79fcefe6
2026/07/28 07:04:01 acc 2  rate 268 H/s
2026/07/28 07:04:09 acc 2  rate 251 H/s
2026/07/28 07:04:15 job 78c4e30a
2026/07/28 07:04:17 acc 2  rate 271 H/s
2026/07/28 07:04:25 acc 2  rate 262 H/s
2026/07/28 07:04:33 acc 2  rate 218 H/s
2026/07/28 07:04:36 job 9a76428d
2026/07/28 07:04:41 acc 2  rate 246 H/s
2026/07/28 07:04:49 acc 2  rate 256 H/s
2026/07/28 07:04:56 job bf609405
2026/07/28 07:04:57 acc 2  rate 242 H/s
2026/07/28 07:05:05 acc 2  rate 263 H/s
2026/07/28 07:05:13 acc 2  rate 259 H/s
2026/07/28 07:05:16 job 5833dea8
2026/07/28 07:05:21 acc 2  rate 277 H/s
2026/07/28 07:05:29 acc 2  rate 248 H/s
2026/07/28 07:05:35 job 83e14b7b
2026/07/28 07:05:37 acc 2  rate 265 H/s
2026/07/28 07:05:45 acc 3  rate 263 H/s
2026/07/28 07:05:53 acc 3  rate 357 H/s
2026/07/28 07:05:55 job a53703ce
2026/07/28 07:06:01 acc 3  rate 437 H/s
2026/07/28 07:06:09 acc 3  rate 289 H/s
2026/07/28 07:06:16 job 4b48e455
2026/07/28 07:06:17 acc 3  rate 246 H/s
2026/07/28 07:06:25 acc 3  rate 255 H/s
2026/07/28 07:06:33 acc 3  rate 261 H/s
2026/07/28 07:06:36 job 98baf9a9
2026/07/28 07:06:41 acc 3  rate 259 H/s
2026/07/28 07:06:49 acc 3  rate 262 H/s
2026/07/28 07:06:56 job 4b9e6524
2026/07/28 07:06:57 acc 3  rate 284 H/s
2026/07/28 07:07:05 acc 3  rate 278 H/s
2026/07/28 07:07:13 acc 3  rate 293 H/s
2026/07/28 07:07:15 job b4dbd28c
2026/07/28 07:07:21 acc 3  rate 284 H/s
2026/07/28 07:07:29 acc 3  rate 256 H/s
2026/07/28 07:07:36 job 34d4f301
2026/07/28 07:07:37 acc 3  rate 241 H/s
2026/07/28 07:07:45 acc 3  rate 234 H/s
2026/07/28 07:07:53 acc 3  rate 273 H/s
2026/07/28 07:07:56 job 88ad5cf0
2026/07/28 07:08:01 acc 3  rate 285 H/s
2026/07/28 07:08:09 acc 3  rate 232 H/s
2026/07/28 07:08:15 job 654e66b5
2026/07/28 07:08:17 acc 3  rate 270 H/s
2026/07/28 07:08:25 acc 3  rate 284 H/s
2026/07/28 07:08:33 acc 3  rate 266 H/s
2026/07/28 07:08:35 job 65d01705
2026/07/28 07:08:41 acc 3  rate 243 H/s
2026/07/28 07:08:49 acc 3  rate 282 H/s
2026/07/28 07:08:55 job 6a17f158
2026/07/28 07:08:57 acc 3  rate 255 H/s
2026/07/28 07:09:05 acc 3  rate 269 H/s
2026/07/28 07:09:13 acc 3  rate 265 H/s
2026/07/28 07:09:16 job 9f02847a
2026/07/28 07:09:21 acc 3  rate 253 H/s
2026/07/28 07:09:29 acc 3  rate 287 H/s
2026/07/28 07:09:36 job 4d87bc58
2026/07/28 07:09:37 acc 3  rate 246 H/s
2026/07/28 07:09:45 acc 3  rate 294 H/s
2026/07/28 07:09:53 acc 3  rate 271 H/s
2026/07/28 07:09:56 job 0f014b17
2026/07/28 07:10:01 acc 3  rate 289 H/s
2026/07/28 07:10:09 acc 3  rate 263 H/s
2026/07/28 07:10:16 job 4719d052
2026/07/28 07:10:17 acc 3  rate 273 H/s
2026/07/28 07:10:25 acc 3  rate 283 H/s
2026/07/28 07:10:33 acc 3  rate 220 H/s
2026/07/28 07:10:36 job 4924a286
2026/07/28 07:10:41 acc 3  rate 294 H/s
2026/07/28 07:10:49 acc 3  rate 295 H/s
2026/07/28 07:10:56 job 33da3f8b
2026/07/28 07:10:57 acc 3  rate 274 H/s
2026/07/28 07:11:05 acc 3  rate 275 H/s
2026/07/28 07:11:13 acc 3  rate 263 H/s
2026/07/28 07:11:15 job 85c4852c
2026/07/28 07:11:21 acc 3  rate 279 H/s
2026/07/28 07:11:29 acc 3  rate 262 H/s
2026/07/28 07:11:36 job c20d89a3
2026/07/28 07:11:37 acc 3  rate 249 H/s
2026/07/28 07:11:45 acc 3  rate 287 H/s
2026/07/28 07:11:53 acc 3  rate 284 H/s
2026/07/28 07:11:56 job 2ba08e8a
2026/07/28 07:12:01 acc 3  rate 269 H/s
2026/07/28 07:12:09 acc 3  rate 262 H/s
2026/07/28 07:12:16 job ca276d08
2026/07/28 07:12:17 acc 3  rate 267 H/s
2026/07/28 07:12:25 acc 3  rate 278 H/s
2026/07/28 07:12:33 acc 3  rate 249 H/s
2026/07/28 07:12:37 job 34ae5d8c
2026/07/28 07:12:41 acc 3  rate 286 H/s
2026/07/28 07:12:49 acc 3  rate 289 H/s
2026/07/28 07:12:56 job fc6a1c41
2026/07/28 07:12:57 acc 3  rate 290 H/s
2026/07/28 07:13:05 acc 3  rate 275 H/s
2026/07/28 07:13:13 acc 3  rate 249 H/s
2026/07/28 07:13:16 job 08fe7898
2026/07/28 07:13:21 acc 3  rate 242 H/s
2026/07/28 07:13:29 acc 3  rate 268 H/s
2026/07/28 07:13:36 job 0759ceb1
2026/07/28 07:13:37 acc 3  rate 283 H/s
2026/07/28 07:13:45 acc 3  rate 265 H/s
2026/07/28 07:13:53 acc 3  rate 278 H/s
2026/07/28 07:13:56 job cbdf6ba2
2026/07/28 07:14:01 acc 3  rate 272 H/s
2026/07/28 07:14:09 acc 3  rate 270 H/s
2026/07/28 07:14:16 job ba8b717a
2026/07/28 07:14:17 acc 3  rate 252 H/s
2026/07/28 07:14:25 acc 3  rate 262 H/s
2026/07/28 07:14:33 acc 3  rate 247 H/s
2026/07/28 07:14:36 job 69512862
2026/07/28 07:14:41 acc 3  rate 256 H/s
2026/07/28 07:14:49 acc 3  rate 281 H/s
2026/07/28 07:14:56 job c7f4c87f
2026/07/28 07:14:57 acc 3  rate 250 H/s
2026/07/28 07:15:05 acc 3  rate 262 H/s
2026/07/28 07:15:13 acc 3  rate 272 H/s
2026/07/28 07:15:16 job 1d013b5b
2026/07/28 07:15:21 acc 3  rate 261 H/s
2026/07/28 07:15:29 acc 3  rate 275 H/s
2026/07/28 07:15:36 job 269f4652
2026/07/28 07:15:37 acc 3  rate 239 H/s
2026/07/28 07:15:45 acc 3  rate 262 H/s
2026/07/28 07:15:53 acc 3  rate 258 H/s
2026/07/28 07:15:56 job a6556dc2
2026/07/28 07:16:01 acc 3  rate 251 H/s
2026/07/28 07:16:09 acc 3  rate 257 H/s
2026/07/28 07:16:16 job 6c8837a0
2026/07/28 07:16:17 acc 3  rate 264 H/s
2026/07/28 07:16:25 acc 3  rate 265 H/s
2026/07/28 07:16:33 acc 3  rate 256 H/s
2026/07/28 07:16:36 job 8086411d
2026/07/28 07:16:41 acc 3  rate 257 H/s
2026/07/28 07:16:49 acc 3  rate 251 H/s
2026/07/28 07:16:56 job f0d6f957
2026/07/28 07:16:57 acc 3  rate 255 H/s
2026/07/28 07:17:05 acc 3  rate 239 H/s
2026/07/28 07:17:13 acc 3  rate 255 H/s
2026/07/28 07:17:16 job bdec9f63
2026/07/28 07:17:21 acc 3  rate 260 H/s
2026/07/28 07:17:29 acc 3  rate 269 H/s
2026/07/28 07:17:36 job d176d3f0
2026/07/28 07:17:37 acc 3  rate 280 H/s
2026/07/28 07:17:45 acc 3  rate 255 H/s
2026/07/28 07:17:53 acc 3  rate 236 H/s
2026/07/28 07:17:56 job 1b8e3b96
2026/07/28 07:18:01 acc 3  rate 255 H/s
2026/07/28 07:18:09 acc 3  rate 271 H/s
2026/07/28 07:18:16 job 99429e04
2026/07/28 07:18:17 acc 3  rate 263 H/s
2026/07/28 07:18:25 acc 3  rate 240 H/s
2026/07/28 07:18:33 acc 3  rate 308 H/s
2026/07/28 07:18:36 job 3d1fad7e
2026/07/28 07:18:41 acc 3  rate 268 H/s
2026/07/28 07:18:49 acc 3  rate 283 H/s
2026/07/28 07:18:56 job df342c57
2026/07/28 07:18:57 acc 3  rate 237 H/s
2026/07/28 07:19:05 acc 4  rate 256 H/s
2026/07/28 07:19:13 acc 4  rate 260 H/s
2026/07/28 07:19:16 job 8984eb42
2026/07/28 07:19:21 acc 4  rate 235 H/s
2026/07/28 07:19:29 acc 4  rate 281 H/s
2026/07/28 07:19:37 acc 4  rate 278 H/s
2026/07/28 07:19:45 acc 4  rate 251 H/s
2026/07/28 07:19:53 acc 4  rate 248 H/s
2026/07/28 07:20:01 acc 4  rate 298 H/s
2026/07/28 07:20:09 acc 4  rate 237 H/s
2026/07/28 07:20:17 acc 4  rate 256 H/s
2026/07/28 07:20:25 acc 4  rate 299 H/s
2026/07/28 07:20:33 acc 4  rate 269 H/s
2026/07/28 07:20:41 acc 4  rate 286 H/s
2026/07/28 07:20:49 acc 4  rate 279 H/s
2026/07/28 07:20:57 acc 4  rate 268 H/s
2026/07/28 07:21:05 acc 4  rate 265 H/s
2026/07/28 07:21:13 acc 4  rate 260 H/s
2026/07/28 07:21:21 acc 4  rate 261 H/s
2026/07/28 07:21:29 acc 4  rate 252 H/s
2026/07/28 07:21:37 acc 4  rate 275 H/s
2026/07/28 07:21:45 acc 4  rate 286 H/s
2026/07/28 07:21:53 acc 4  rate 288 H/s
2026/07/28 07:21:56 job b81b8127
2026/07/28 07:22:01 acc 4  rate 302 H/s
2026/07/28 07:22:09 acc 4  rate 263 H/s
2026/07/28 07:22:16 job c7313095
2026/07/28 07:22:17 acc 4  rate 264 H/s
2026/07/28 07:22:25 acc 4  rate 265 H/s
2026/07/28 07:22:33 acc 4  rate 262 H/s
2026/07/28 07:22:36 job f56cf18f
2026/07/28 07:22:41 acc 4  rate 240 H/s
2026/07/28 07:22:49 acc 4  rate 300 H/s
2026/07/28 07:22:56 job ba0a4d43
2026/07/28 07:22:57 acc 4  rate 253 H/s
2026/07/28 07:23:05 acc 4  rate 234 H/s
2026/07/28 07:23:13 acc 4  rate 240 H/s
2026/07/28 07:23:16 job 186d1cf3
2026/07/28 07:23:21 acc 4  rate 236 H/s
2026/07/28 07:23:29 acc 4  rate 222 H/s
2026/07/28 07:23:36 job 2fc7c8ce
2026/07/28 07:23:37 acc 4  rate 237 H/s
2026/07/28 07:23:45 acc 4  rate 237 H/s
2026/07/28 07:23:53 acc 4  rate 234 H/s
2026/07/28 07:23:56 job 757742a6
2026/07/28 07:24:01 acc 4  rate 230 H/s
2026/07/28 07:24:09 acc 4  rate 234 H/s
2026/07/28 07:24:16 job 6e2f837e
2026/07/28 07:24:17 acc 4  rate 226 H/s
2026/07/28 07:24:25 acc 4  rate 279 H/s
2026/07/28 07:24:33 acc 4  rate 251 H/s
2026/07/28 07:24:37 job e0d67dc6
2026/07/28 07:24:41 acc 4  rate 265 H/s
2026/07/28 07:24:49 acc 4  rate 309 H/s
2026/07/28 07:24:56 job e9177957
2026/07/28 07:24:57 acc 4  rate 268 H/s
2026/07/28 07:25:05 acc 4  rate 290 H/s
2026/07/28 07:25:13 acc 4  rate 264 H/s
2026/07/28 07:25:16 job 906b6b85
2026/07/28 07:25:21 acc 4  rate 262 H/s
2026/07/28 07:25:29 acc 4  rate 279 H/s
2026/07/28 07:25:36 job d5b10798
2026/07/28 07:25:37 acc 4  rate 275 H/s
2026/07/28 07:25:45 acc 4  rate 290 H/s
2026/07/28 07:25:53 acc 4  rate 258 H/s
2026/07/28 07:25:56 job 5949a7b6
2026/07/28 07:26:01 acc 4  rate 262 H/s
2026/07/28 07:26:09 acc 4  rate 267 H/s
2026/07/28 07:26:16 job b33c71f8
2026/07/28 07:26:17 acc 4  rate 252 H/s
2026/07/28 07:26:25 acc 4  rate 252 H/s
2026/07/28 07:26:33 acc 4  rate 303 H/s
2026/07/28 07:26:36 job 965599d1
2026/07/28 07:26:41 acc 4  rate 301 H/s
2026/07/28 07:26:49 acc 4  rate 295 H/s
2026/07/28 07:26:56 job 42be6283
2026/07/28 07:26:57 acc 4  rate 288 H/s
2026/07/28 07:27:05 acc 4  rate 256 H/s
2026/07/28 07:27:13 acc 4  rate 231 H/s
2026/07/28 07:27:16 job 8559ba29
2026/07/28 07:27:21 acc 4  rate 273 H/s
2026/07/28 07:27:29 acc 4  rate 279 H/s
2026/07/28 07:27:37 job 7bea88d1
2026/07/28 07:27:37 acc 4  rate 269 H/s
2026/07/28 07:27:45 acc 4  rate 292 H/s
2026/07/28 07:27:53 acc 4  rate 281 H/s
2026/07/28 07:27:56 job dc350af9
2026/07/28 07:28:01 acc 4  rate 288 H/s
2026/07/28 07:28:09 acc 4  rate 298 H/s
2026/07/28 07:28:16 job 24d7fcf2
2026/07/28 07:28:17 acc 4  rate 296 H/s
2026/07/28 07:28:25 acc 4  rate 271 H/s
2026/07/28 07:28:33 acc 4  rate 255 H/s
2026/07/28 07:28:37 job c85422a0
2026/07/28 07:28:41 acc 4  rate 243 H/s
2026/07/28 07:28:49 acc 4  rate 241 H/s
2026/07/28 07:28:56 job e2c5fb13
2026/07/28 07:28:57 acc 6  rate 282 H/s
2026/07/28 07:29:05 acc 6  rate 290 H/s
2026/07/28 07:29:13 acc 6  rate 276 H/s
2026/07/28 07:29:16 job 963750a9
2026/07/28 07:29:21 acc 6  rate 276 H/s
2026/07/28 07:29:29 acc 6  rate 270 H/s
2026/07/28 07:29:36 job f999994b
2026/07/28 07:29:37 acc 6  rate 259 H/s
2026/07/28 07:29:45 acc 6  rate 245 H/s
2026/07/28 07:29:53 acc 6  rate 287 H/s
2026/07/28 07:29:56 job 7891e6b4
2026/07/28 07:30:01 acc 6  rate 272 H/s
2026/07/28 07:30:09 acc 6  rate 273 H/s
2026/07/28 07:30:16 job 60f7ca77
2026/07/28 07:30:17 acc 6  rate 306 H/s
2026/07/28 07:30:25 acc 6  rate 295 H/s
2026/07/28 07:30:33 acc 6  rate 293 H/s
2026/07/28 07:30:37 job 17cce819
2026/07/28 07:30:41 acc 6  rate 283 H/s
2026/07/28 07:30:49 acc 6  rate 250 H/s
2026/07/28 07:30:56 job 132e4149
2026/07/28 07:30:57 acc 6  rate 272 H/s
2026/07/28 07:31:05 acc 6  rate 291 H/s
2026/07/28 07:31:13 acc 6  rate 277 H/s
2026/07/28 07:31:16 job 406599ed
2026/07/28 07:31:21 acc 6  rate 250 H/s
2026/07/28 07:31:29 acc 6  rate 289 H/s
2026/07/28 07:31:37 job 21aa372f
2026/07/28 07:31:37 acc 6  rate 278 H/s
2026/07/28 07:31:45 acc 6  rate 240 H/s
2026/07/28 07:31:53 acc 6  rate 264 H/s
2026/07/28 07:31:56 job 9a13a979
2026/07/28 07:32:01 acc 6  rate 265 H/s
2026/07/28 07:32:09 acc 6  rate 278 H/s
2026/07/28 07:32:16 job f132a0cb
2026/07/28 07:32:17 acc 6  rate 259 H/s
2026/07/28 07:32:25 acc 6  rate 283 H/s
2026/07/28 07:32:33 acc 6  rate 259 H/s
2026/07/28 07:32:37 job bd10e745
2026/07/28 07:32:41 acc 6  rate 224 H/s
2026/07/28 07:32:49 acc 6  rate 225 H/s
2026/07/28 07:32:56 job 35e4db8b
2026/07/28 07:32:57 acc 6  rate 241 H/s
2026/07/28 07:33:05 acc 6  rate 272 H/s
2026/07/28 07:33:13 acc 6  rate 246 H/s
2026/07/28 07:33:16 job 539097c6
2026/07/28 07:33:21 acc 6  rate 289 H/s
2026/07/28 07:33:29 acc 6  rate 250 H/s
2026/07/28 07:33:37 job 7d562b3b
2026/07/28 07:33:37 acc 6  rate 286 H/s
2026/07/28 07:33:45 acc 6  rate 285 H/s
2026/07/28 07:33:53 acc 6  rate 293 H/s
2026/07/28 07:33:56 job 7dde0b65
2026/07/28 07:34:01 acc 6  rate 243 H/s
2026/07/28 07:34:09 acc 6  rate 235 H/s
2026/07/28 07:34:16 job 1ad7d3a8
2026/07/28 07:34:17 acc 6  rate 265 H/s
2026/07/28 07:34:25 acc 6  rate 261 H/s
2026/07/28 07:34:33 job 75123d20
2026/07/28 07:34:33 acc 6  rate 300 H/s
2026/07/28 07:34:36 job 9795da45
2026/07/28 07:34:41 acc 6  rate 291 H/s
2026/07/28 07:34:49 acc 6  rate 267 H/s
2026/07/28 07:34:56 job bea5ffb1
2026/07/28 07:34:57 acc 6  rate 274 H/s
2026/07/28 07:35:05 acc 6  rate 298 H/s
2026/07/28 07:35:13 acc 6  rate 317 H/s
2026/07/28 07:35:16 job 68bfa8dc
2026/07/28 07:35:21 acc 6  rate 243 H/s
2026/07/28 07:35:29 acc 6  rate 241 H/s
2026/07/28 07:35:37 job 1ffc90f8
2026/07/28 07:35:37 acc 6  rate 262 H/s
2026/07/28 07:35:45 acc 6  rate 275 H/s
2026/07/28 07:35:53 acc 6  rate 286 H/s
2026/07/28 07:35:56 job c86526fd
2026/07/28 07:36:01 acc 6  rate 288 H/s
2026/07/28 07:36:09 acc 6  rate 266 H/s
2026/07/28 07:36:17 acc 6  rate 270 H/s
2026/07/28 07:36:25 acc 6  rate 267 H/s
2026/07/28 07:36:33 acc 6  rate 288 H/s
2026/07/28 07:36:41 acc 6  rate 255 H/s
2026/07/28 07:36:49 acc 6  rate 293 H/s
2026/07/28 07:36:57 acc 6  rate 285 H/s
2026/07/28 07:37:05 acc 6  rate 259 H/s
2026/07/28 07:37:13 acc 6  rate 243 H/s
2026/07/28 07:37:21 acc 6  rate 278 H/s
2026/07/28 07:37:29 acc 6  rate 297 H/s
2026/07/28 07:37:37 acc 6  rate 294 H/s
2026/07/28 07:37:45 acc 6  rate 254 H/s
2026/07/28 07:37:53 acc 6  rate 269 H/s
2026/07/28 07:38:01 acc 6  rate 274 H/s
2026/07/28 07:38:09 acc 6  rate 284 H/s
2026/07/28 07:38:17 acc 6  rate 269 H/s
2026/07/28 07:38:25 acc 6  rate 261 H/s
2026/07/28 07:38:33 acc 6  rate 247 H/s
2026/07/28 07:38:41 acc 6  rate 270 H/s
2026/07/28 07:38:49 acc 6  rate 254 H/s
2026/07/28 07:38:57 acc 6  rate 273 H/s
2026/07/28 07:39:05 acc 6  rate 284 H/s
2026/07/28 07:39:13 acc 6  rate 260 H/s
2026/07/28 07:39:21 acc 6  rate 258 H/s
2026/07/28 07:39:29 acc 6  rate 255 H/s
2026/07/28 07:39:37 acc 6  rate 265 H/s
2026/07/28 07:39:45 acc 6  rate 286 H/s
2026/07/28 07:39:53 acc 6  rate 287 H/s
2026/07/28 07:40:01 acc 6  rate 276 H/s
2026/07/28 07:40:09 acc 6  rate 234 H/s
2026/07/28 07:40:17 acc 6  rate 260 H/s
2026/07/28 07:40:25 acc 6  rate 303 H/s
2026/07/28 07:40:33 acc 6  rate 261 H/s
2026/07/28 07:40:41 acc 6  rate 256 H/s
2026/07/28 07:40:49 acc 6  rate 256 H/s
2026/07/28 07:40:57 acc 6  rate 271 H/s
2026/07/28 07:41:05 acc 6  rate 292 H/s
2026/07/28 07:41:13 acc 6  rate 280 H/s
2026/07/28 07:41:21 acc 6  rate 249 H/s
2026/07/28 07:41:29 acc 6  rate 258 H/s
2026/07/28 07:41:37 acc 6  rate 276 H/s
2026/07/28 07:41:45 acc 6  rate 276 H/s
2026/07/28 07:41:53 acc 6  rate 246 H/s
2026/07/28 07:42:01 acc 6  rate 242 H/s
2026/07/28 07:42:09 acc 7  rate 241 H/s
2026/07/28 07:42:17 acc 7  rate 296 H/s
2026/07/28 07:42:25 acc 7  rate 290 H/s
2026/07/28 07:42:33 acc 7  rate 282 H/s
2026/07/28 07:42:41 acc 7  rate 263 H/s
2026/07/28 07:42:49 acc 7  rate 284 H/s
2026/07/28 07:42:57 acc 7  rate 296 H/s
2026/07/28 07:43:05 acc 7  rate 251 H/s
2026/07/28 07:43:13 acc 7  rate 219 H/s
2026/07/28 07:43:21 acc 7  rate 243 H/s
2026/07/28 07:43:29 acc 7  rate 271 H/s
2026/07/28 07:43:37 acc 7  rate 277 H/s
2026/07/28 07:43:45 acc 7  rate 273 H/s
2026/07/28 07:43:53 acc 7  rate 269 H/s
2026/07/28 07:44:01 acc 7  rate 230 H/s
2026/07/28 07:44:09 acc 7  rate 242 H/s
2026/07/28 07:44:17 acc 7  rate 298 H/s
2026/07/28 07:44:25 acc 7  rate 266 H/s
2026/07/28 07:44:33 acc 7  rate 256 H/s
2026/07/28 07:44:41 acc 7  rate 252 H/s
2026/07/28 07:44:49 acc 7  rate 267 H/s
2026/07/28 07:44:57 acc 7  rate 282 H/s
2026/07/28 07:45:05 acc 7  rate 268 H/s
2026/07/28 07:45:13 acc 7  rate 270 H/s
2026/07/28 07:45:21 acc 7  rate 251 H/s
2026/07/28 07:45:29 acc 7  rate 274 H/s
2026/07/28 07:45:37 acc 7  rate 279 H/s
2026/07/28 07:45:45 acc 7  rate 297 H/s
2026/07/28 07:45:53 acc 7  rate 277 H/s
2026/07/28 07:46:01 acc 7  rate 291 H/s
2026/07/28 07:46:09 acc 7  rate 268 H/s
2026/07/28 07:46:17 acc 7  rate 264 H/s
2026/07/28 07:46:25 acc 7  rate 259 H/s
2026/07/28 07:46:33 acc 7  rate 233 H/s
2026/07/28 07:46:41 acc 7  rate 291 H/s
2026/07/28 07:46:49 acc 7  rate 299 H/s
2026/07/28 07:46:57 acc 7  rate 272 H/s
2026/07/28 07:47:05 acc 7  rate 304 H/s
2026/07/28 07:47:13 acc 7  rate 275 H/s
2026/07/28 07:47:21 acc 7  rate 249 H/s
2026/07/28 07:47:29 acc 7  rate 273 H/s
2026/07/28 07:47:37 acc 7  rate 241 H/s
2026/07/28 07:47:45 acc 7  rate 278 H/s
2026/07/28 07:47:53 acc 7  rate 267 H/s
2026/07/28 07:48:01 acc 8  rate 284 H/s
2026/07/28 07:48:09 acc 8  rate 277 H/s
2026/07/28 07:48:17 acc 8  rate 263 H/s
2026/07/28 07:48:25 acc 8  rate 305 H/s
2026/07/28 07:48:33 acc 8  rate 275 H/s
2026/07/28 07:48:41 acc 8  rate 251 H/s
2026/07/28 07:48:49 acc 8  rate 268 H/s
2026/07/28 07:48:57 acc 8  rate 295 H/s
2026/07/28 07:49:05 acc 8  rate 288 H/s
2026/07/28 07:49:13 acc 8  rate 278 H/s
2026/07/28 07:49:21 acc 8  rate 283 H/s
2026/07/28 07:49:29 acc 8  rate 250 H/s
2026/07/28 07:49:37 acc 8  rate 272 H/s
2026/07/28 07:49:45 acc 9  rate 293 H/s
2026/07/28 07:49:53 acc 9  rate 272 H/s
2026/07/28 07:50:01 acc 9  rate 244 H/s
2026/07/28 07:50:09 acc 9  rate 274 H/s
2026/07/28 07:50:17 acc 9  rate 264 H/s
2026/07/28 07:50:25 acc 9  rate 292 H/s
2026/07/28 07:50:33 acc 9  rate 268 H/s
2026/07/28 07:50:41 acc 9  rate 282 H/s
2026/07/28 07:50:49 acc 9  rate 286 H/s
2026/07/28 07:50:57 acc 9  rate 258 H/s
2026/07/28 07:51:05 acc 9  rate 299 H/s
2026/07/28 07:51:13 acc 9  rate 262 H/s
2026/07/28 07:51:21 acc 9  rate 291 H/s
2026/07/28 07:51:29 acc 9  rate 279 H/s
2026/07/28 07:51:37 acc 9  rate 256 H/s
2026/07/28 07:51:45 acc 9  rate 266 H/s
2026/07/28 07:51:53 acc 9  rate 265 H/s
2026/07/28 07:52:01 acc 9  rate 249 H/s
2026/07/28 07:52:09 acc 9  rate 290 H/s
2026/07/28 07:52:17 acc 9  rate 285 H/s
2026/07/28 07:52:25 acc 9  rate 253 H/s
2026/07/28 07:52:33 acc 9  rate 258 H/s
2026/07/28 07:52:41 acc 9  rate 269 H/s
2026/07/28 07:52:49 acc 9  rate 264 H/s
2026/07/28 07:52:57 acc 9  rate 266 H/s
2026/07/28 07:53:05 acc 9  rate 249 H/s
2026/07/28 07:53:13 acc 9  rate 253 H/s
2026/07/28 07:53:21 acc 9  rate 254 H/s
2026/07/28 07:53:29 acc 9  rate 247 H/s
2026/07/28 07:53:37 acc 9  rate 252 H/s
2026/07/28 07:53:45 acc 9  rate 262 H/s
2026/07/28 07:53:53 acc 9  rate 247 H/s
2026/07/28 07:54:01 acc 9  rate 279 H/s
2026/07/28 07:54:09 acc 9  rate 316 H/s
2026/07/28 07:54:17 acc 9  rate 268 H/s
2026/07/28 07:54:25 acc 9  rate 249 H/s
2026/07/28 07:54:33 acc 9  rate 284 H/s
2026/07/28 07:54:41 acc 9  rate 265 H/s
2026/07/28 07:54:49 acc 9  rate 280 H/s
2026/07/28 07:54:57 acc 9  rate 260 H/s
2026/07/28 07:55:05 acc 9  rate 250 H/s
2026/07/28 07:55:13 acc 9  rate 272 H/s
2026/07/28 07:55:17 job 4d23628a
2026/07/28 07:55:21 acc 9  rate 244 H/s
2026/07/28 07:55:29 acc 9  rate 295 H/s
2026/07/28 07:55:37 acc 9  rate 290 H/s
2026/07/28 07:55:37 job 481dbed9
2026/07/28 07:55:45 acc 9  rate 300 H/s
2026/07/28 07:55:53 acc 9  rate 291 H/s
2026/07/28 07:55:57 job 7905d97e
2026/07/28 07:56:01 acc 9  rate 259 H/s
2026/07/28 07:56:09 acc 9  rate 287 H/s
2026/07/28 07:56:16 job cb4906de
2026/07/28 07:56:17 acc 9  rate 289 H/s
2026/07/28 07:56:25 acc 9  rate 278 H/s
2026/07/28 07:56:33 acc 9  rate 249 H/s
2026/07/28 07:56:37 job 35afc30e
2026/07/28 07:56:41 acc 9  rate 249 H/s
2026/07/28 07:56:47 job 5ef3a71d
2026/07/28 07:56:49 acc 9  rate 280 H/s
2026/07/28 07:56:57 job 61889ec3
2026/07/28 07:56:57 acc 9  rate 267 H/s
2026/07/28 07:57:05 acc 9  rate 301 H/s
2026/07/28 07:57:13 acc 9  rate 294 H/s
2026/07/28 07:57:17 job 35488cbd
2026/07/28 07:57:21 acc 9  rate 264 H/s
2026/07/28 07:57:29 acc 9  rate 273 H/s
2026/07/28 07:57:37 job 4815bef6
2026/07/28 07:57:37 acc 9  rate 262 H/s
2026/07/28 07:57:45 acc 9  rate 258 H/s
2026/07/28 07:57:53 acc 9  rate 279 H/s
2026/07/28 07:57:57 job baf4d7a6
2026/07/28 07:58:01 acc 9  rate 258 H/s
2026/07/28 07:58:09 acc 9  rate 226 H/s
2026/07/28 07:58:17 acc 9  rate 265 H/s
2026/07/28 07:58:17 job 469b51ed
2026/07/28 07:58:25 acc 9  rate 294 H/s
2026/07/28 07:58:33 acc 9  rate 262 H/s
2026/07/28 07:58:37 job 4d32143d
2026/07/28 07:58:41 acc 9  rate 283 H/s
2026/07/28 07:58:49 acc 9  rate 288 H/s
2026/07/28 07:58:57 job 002cd4e8
2026/07/28 07:58:57 acc 9  rate 304 H/s
2026/07/28 07:59:05 acc 9  rate 269 H/s
2026/07/28 07:59:13 acc 9  rate 254 H/s
2026/07/28 07:59:17 job e1a420a8
2026/07/28 07:59:21 acc 9  rate 249 H/s
2026/07/28 07:59:29 acc 9  rate 246 H/s
2026/07/28 07:59:37 acc 9  rate 291 H/s
2026/07/28 07:59:37 job edc91465
2026/07/28 07:59:45 acc 9  rate 256 H/s
2026/07/28 07:59:53 acc 9  rate 275 H/s
2026/07/28 07:59:57 job 17e4dfee
2026/07/28 08:00:01 acc 9  rate 295 H/s
2026/07/28 08:00:09 acc 9  rate 274 H/s
2026/07/28 08:00:17 job 350e47e7
2026/07/28 08:00:17 acc 9  rate 301 H/s
2026/07/28 08:00:25 acc 9  rate 241 H/s
2026/07/28 08:00:33 acc 9  rate 264 H/s
2026/07/28 08:00:37 job a530f4e7
2026/07/28 08:00:41 acc 9  rate 281 H/s
2026/07/28 08:00:49 acc 9  rate 276 H/s
2026/07/28 08:00:57 job f3fd8cc2
2026/07/28 08:00:57 acc 10  rate 253 H/s
2026/07/28 08:01:05 acc 10  rate 260 H/s
2026/07/28 08:01:13 acc 10  rate 242 H/s
2026/07/28 08:01:17 job f560b211
2026/07/28 08:01:21 acc 10  rate 238 H/s
2026/07/28 08:01:29 acc 10  rate 262 H/s
2026/07/28 08:01:37 acc 10  rate 259 H/s
2026/07/28 08:01:37 job 14aae6ca
2026/07/28 08:01:45 acc 10  rate 246 H/s
2026/07/28 08:01:53 acc 10  rate 257 H/s
2026/07/28 08:01:57 job d7000e62
2026/07/28 08:02:01 acc 10  rate 280 H/s
2026/07/28 08:02:09 acc 10  rate 276 H/s
2026/07/28 08:02:17 job c617523f
2026/07/28 08:02:17 acc 10  rate 280 H/s
2026/07/28 08:02:25 acc 10  rate 278 H/s
2026/07/28 08:02:33 acc 10  rate 268 H/s
2026/07/28 08:02:37 job 97f9fa72
2026/07/28 08:02:41 acc 10  rate 258 H/s
2026/07/28 08:02:49 acc 10  rate 271 H/s
2026/07/28 08:02:57 acc 10  rate 239 H/s
2026/07/28 08:02:57 job 6a93bed6
2026/07/28 08:03:05 acc 10  rate 282 H/s
2026/07/28 08:03:13 acc 10  rate 276 H/s
2026/07/28 08:03:17 job 2575f606
2026/07/28 08:03:21 acc 10  rate 248 H/s
2026/07/28 08:03:29 acc 10  rate 252 H/s
2026/07/28 08:03:37 acc 10  rate 272 H/s
2026/07/28 08:03:37 job b09e7891
2026/07/28 08:03:45 acc 10  rate 274 H/s
2026/07/28 08:03:53 acc 10  rate 266 H/s
2026/07/28 08:03:57 job 5564ef34
2026/07/28 08:04:01 acc 10  rate 279 H/s
2026/07/28 08:04:09 acc 10  rate 249 H/s
2026/07/28 08:04:17 job c428c9f3
2026/07/28 08:04:17 acc 10  rate 266 H/s
2026/07/28 08:04:25 acc 10  rate 267 H/s
2026/07/28 08:04:33 acc 10  rate 248 H/s
2026/07/28 08:04:37 job 04f9d3c1
2026/07/28 08:04:41 acc 10  rate 269 H/s
2026/07/28 08:04:49 acc 10  rate 269 H/s
2026/07/28 08:04:57 acc 10  rate 261 H/s
2026/07/28 08:04:57 job 4b9fcea1
2026/07/28 08:05:05 acc 10  rate 270 H/s
2026/07/28 08:05:13 acc 10  rate 242 H/s
2026/07/28 08:05:17 job 9e068eb6
2026/07/28 08:05:21 acc 10  rate 269 H/s
2026/07/28 08:05:29 acc 10  rate 281 H/s
2026/07/28 08:05:37 acc 10  rate 271 H/s
2026/07/28 08:05:37 job f983892d
2026/07/28 08:05:45 acc 10  rate 261 H/s
2026/07/28 08:05:53 acc 10  rate 276 H/s
2026/07/28 08:05:57 job f84f1ce9
2026/07/28 08:06:01 acc 10  rate 267 H/s
2026/07/28 08:06:09 acc 10  rate 273 H/s
2026/07/28 08:06:17 acc 10  rate 250 H/s
2026/07/28 08:06:17 job 139a2da0
2026/07/28 08:06:25 acc 10  rate 291 H/s
2026/07/28 08:06:33 acc 10  rate 260 H/s
2026/07/28 08:06:38 job fda1f3e6
2026/07/28 08:06:41 acc 10  rate 257 H/s
2026/07/28 08:06:49 acc 10  rate 283 H/s
2026/07/28 08:06:57 job 2e132798
2026/07/28 08:06:57 acc 10  rate 302 H/s
2026/07/28 08:07:05 acc 10  rate 297 H/s
2026/07/28 08:07:13 acc 10  rate 259 H/s
2026/07/28 08:07:17 job 01775c20
2026/07/28 08:07:21 acc 10  rate 251 H/s
2026/07/28 08:07:29 acc 10  rate 271 H/s
2026/07/28 08:07:37 acc 10  rate 253 H/s
2026/07/28 08:07:37 job 435257ef
2026/07/28 08:07:45 acc 10  rate 282 H/s
2026/07/28 08:07:53 acc 10  rate 282 H/s
2026/07/28 08:07:57 job 9d2ab6ef
2026/07/28 08:08:01 acc 10  rate 281 H/s
2026/07/28 08:08:09 acc 10  rate 274 H/s
2026/07/28 08:08:17 acc 10  rate 279 H/s
2026/07/28 08:08:17 job 0116b87f
2026/07/28 08:08:25 acc 10  rate 272 H/s
2026/07/28 08:08:33 acc 10  rate 258 H/s
2026/07/28 08:08:37 job 801f35e9
2026/07/28 08:08:41 acc 10  rate 297 H/s
2026/07/28 08:08:49 acc 10  rate 281 H/s
2026/07/28 08:08:57 job 1ade1d2a
2026/07/28 08:08:57 acc 10  rate 277 H/s
2026/07/28 08:09:05 acc 10  rate 298 H/s
2026/07/28 08:09:13 acc 10  rate 317 H/s
2026/07/28 08:09:17 job f709da5d
2026/07/28 08:09:21 acc 10  rate 294 H/s
2026/07/28 08:09:29 acc 10  rate 265 H/s
2026/07/28 08:09:37 acc 10  rate 261 H/s
2026/07/28 08:09:37 job 7ec3226e
2026/07/28 08:09:45 acc 10  rate 296 H/s
2026/07/28 08:09:53 acc 10  rate 278 H/s
2026/07/28 08:09:57 job 9b5046a6
2026/07/28 08:10:01 acc 10  rate 294 H/s
2026/07/28 08:10:09 acc 10  rate 284 H/s
2026/07/28 08:10:17 acc 10  rate 290 H/s
2026/07/28 08:10:17 job dc6c18e0
2026/07/28 08:10:25 acc 10  rate 285 H/s
2026/07/28 08:10:33 acc 10  rate 275 H/s
2026/07/28 08:10:37 job 960dbb31
2026/07/28 08:10:41 acc 10  rate 230 H/s
2026/07/28 08:10:49 acc 10  rate 315 H/s
2026/07/28 08:10:57 acc 10  rate 278 H/s
2026/07/28 08:10:57 job b2651aa0
2026/07/28 08:11:05 acc 10  rate 271 H/s
2026/07/28 08:11:13 acc 10  rate 269 H/s
2026/07/28 08:11:17 job 3f2662bf
2026/07/28 08:11:21 acc 10  rate 269 H/s
2026/07/28 08:11:29 acc 10  rate 247 H/s
2026/07/28 08:11:37 acc 10  rate 245 H/s
2026/07/28 08:11:38 job 601287bf
2026/07/28 08:11:45 acc 10  rate 234 H/s
2026/07/28 08:11:53 acc 10  rate 281 H/s
2026/07/28 08:11:57 job add1fda8
2026/07/28 08:12:01 acc 10  rate 287 H/s
2026/07/28 08:12:09 acc 10  rate 296 H/s
2026/07/28 08:12:17 acc 10  rate 261 H/s
2026/07/28 08:12:17 job 86a7f891
2026/07/28 08:12:25 acc 10  rate 274 H/s
2026/07/28 08:12:33 acc 10  rate 270 H/s
2026/07/28 08:12:38 job e60dcfbe
2026/07/28 08:12:41 acc 10  rate 255 H/s
2026/07/28 08:12:49 acc 10  rate 281 H/s
2026/07/28 08:12:57 acc 10  rate 278 H/s
2026/07/28 08:12:57 job a1da5d07
2026/07/28 08:13:05 acc 10  rate 293 H/s
2026/07/28 08:13:13 acc 10  rate 290 H/s
2026/07/28 08:13:17 job 26a5dbf0
2026/07/28 08:13:21 acc 10  rate 270 H/s
2026/07/28 08:13:29 acc 10  rate 310 H/s
2026/07/28 08:13:37 acc 10  rate 265 H/s
2026/07/28 08:13:37 job 298c4bef
2026/07/28 08:13:45 acc 10  rate 288 H/s
2026/07/28 08:13:53 acc 10  rate 268 H/s
2026/07/28 08:13:57 job 4a453d04
2026/07/28 08:14:01 acc 10  rate 268 H/s
2026/07/28 08:14:09 acc 10  rate 269 H/s
2026/07/28 08:14:17 acc 10  rate 289 H/s
2026/07/28 08:14:17 job 69cd0977
2026/07/28 08:14:25 acc 10  rate 247 H/s
2026/07/28 08:14:33 acc 10  rate 288 H/s
2026/07/28 08:14:38 job 02742c2e
2026/07/28 08:14:41 acc 10  rate 257 H/s
2026/07/28 08:14:49 acc 10  rate 277 H/s
2026/07/28 08:14:57 acc 10  rate 302 H/s
2026/07/28 08:14:57 job 8e5e3450
2026/07/28 08:15:05 acc 10  rate 241 H/s
2026/07/28 08:15:13 acc 10  rate 286 H/s
2026/07/28 08:15:17 job 29cd1ec9
2026/07/28 08:15:21 acc 10  rate 262 H/s
2026/07/28 08:15:29 acc 10  rate 294 H/s
2026/07/28 08:15:37 acc 10  rate 278 H/s
2026/07/28 08:15:38 job 1d69d0b2
2026/07/28 08:15:45 acc 10  rate 275 H/s
2026/07/28 08:15:53 acc 10  rate 250 H/s
2026/07/28 08:15:57 job 7d666130
2026/07/28 08:16:01 acc 10  rate 257 H/s
2026/07/28 08:16:09 acc 10  rate 260 H/s
2026/07/28 08:16:17 acc 10  rate 297 H/s
2026/07/28 08:16:17 job 8dff87c2
2026/07/28 08:16:25 acc 10  rate 284 H/s
2026/07/28 08:16:33 acc 10  rate 288 H/s
2026/07/28 08:16:37 job fb7d02a9
2026/07/28 08:16:41 acc 10  rate 270 H/s
2026/07/28 08:16:49 acc 10  rate 278 H/s
2026/07/28 08:16:57 acc 10  rate 298 H/s
2026/07/28 08:16:57 job a25da319
2026/07/28 08:17:05 acc 10  rate 284 H/s
2026/07/28 08:17:13 acc 10  rate 287 H/s
2026/07/28 08:17:17 job 27b2e87b
2026/07/28 08:17:21 acc 10  rate 266 H/s
2026/07/28 08:17:29 acc 10  rate 259 H/s
2026/07/28 08:17:37 acc 10  rate 266 H/s
2026/07/28 08:17:38 job 36db7cc3
2026/07/28 08:17:45 acc 10  rate 269 H/s
2026/07/28 08:17:53 acc 10  rate 269 H/s
2026/07/28 08:17:57 job 12694b27
2026/07/28 08:18:01 acc 10  rate 280 H/s
2026/07/28 08:18:09 acc 10  rate 269 H/s
2026/07/28 08:18:17 acc 10  rate 280 H/s
2026/07/28 08:18:17 job cfe48b69
2026/07/28 08:18:25 acc 10  rate 250 H/s
2026/07/28 08:18:33 acc 10  rate 248 H/s
2026/07/28 08:18:38 job b8f43bc1
2026/07/28 08:18:41 acc 10  rate 240 H/s
2026/07/28 08:18:49 acc 10  rate 291 H/s
2026/07/28 08:18:57 acc 10  rate 257 H/s
2026/07/28 08:18:58 job 92566e2c
2026/07/28 08:19:05 acc 10  rate 249 H/s
2026/07/28 08:19:13 acc 10  rate 250 H/s
2026/07/28 08:19:18 job 7caa6d0d
2026/07/28 08:19:21 acc 10  rate 263 H/s
2026/07/28 08:19:29 acc 10  rate 235 H/s
2026/07/28 08:19:37 acc 10  rate 292 H/s
2026/07/28 08:19:38 job 63c1c546
2026/07/28 08:19:45 acc 10  rate 258 H/s
2026/07/28 08:19:53 acc 10  rate 268 H/s
2026/07/28 08:19:57 job e091db39
2026/07/28 08:20:01 acc 10  rate 266 H/s
2026/07/28 08:20:09 acc 10  rate 303 H/s
2026/07/28 08:20:17 acc 10  rate 277 H/s
2026/07/28 08:20:17 job 1369d2ab
2026/07/28 08:20:25 acc 10  rate 294 H/s
2026/07/28 08:20:33 acc 10  rate 255 H/s
2026/07/28 08:20:38 job 173f4570
2026/07/28 08:20:41 acc 10  rate 293 H/s
2026/07/28 08:20:49 acc 10  rate 275 H/s
2026/07/28 08:20:57 acc 10  rate 270 H/s
2026/07/28 08:20:57 job cf58c553
2026/07/28 08:21:05 acc 10  rate 311 H/s
2026/07/28 08:21:13 acc 10  rate 258 H/s
2026/07/28 08:21:17 job 9936db4f
2026/07/28 08:21:21 acc 10  rate 250 H/s
2026/07/28 08:21:29 acc 10  rate 290 H/s
2026/07/28 08:21:37 acc 10  rate 259 H/s
2026/07/28 08:21:38 job 3618a64b
2026/07/28 08:21:45 acc 10  rate 274 H/s
2026/07/28 08:21:53 acc 10  rate 272 H/s
2026/07/28 08:21:58 job eeb1f8a9
2026/07/28 08:22:01 acc 10  rate 255 H/s
2026/07/28 08:22:09 acc 10  rate 281 H/s
2026/07/28 08:22:17 acc 10  rate 265 H/s
2026/07/28 08:22:17 job d25991c8
2026/07/28 08:22:25 acc 10  rate 293 H/s
2026/07/28 08:22:33 acc 10  rate 297 H/s
2026/07/28 08:22:38 job a7aa72ca
2026/07/28 08:22:41 acc 10  rate 262 H/s
2026/07/28 08:22:49 acc 10  rate 284 H/s
2026/07/28 08:22:57 acc 10  rate 268 H/s
2026/07/28 08:22:57 job 7a29b0ec
2026/07/28 08:23:05 acc 10  rate 295 H/s
2026/07/28 08:23:13 acc 10  rate 264 H/s
2026/07/28 08:23:18 job c54b133a
2026/07/28 08:23:21 acc 10  rate 260 H/s
2026/07/28 08:23:29 acc 10  rate 306 H/s
2026/07/28 08:23:37 acc 10  rate 287 H/s
2026/07/28 08:23:38 job 900bfb6e
2026/07/28 08:23:45 acc 10  rate 282 H/s
2026/07/28 08:23:53 acc 10  rate 275 H/s
2026/07/28 08:23:57 job e298dbb2
2026/07/28 08:24:01 acc 10  rate 262 H/s
2026/07/28 08:24:09 acc 10  rate 260 H/s
2026/07/28 08:24:17 acc 10  rate 261 H/s
2026/07/28 08:24:17 job 5216fe29
2026/07/28 08:24:25 acc 10  rate 273 H/s
2026/07/28 08:24:33 acc 10  rate 279 H/s
2026/07/28 08:24:38 job 2335aa04
2026/07/28 08:24:41 acc 10  rate 237 H/s
2026/07/28 08:24:49 acc 10  rate 281 H/s
2026/07/28 08:24:57 acc 10  rate 264 H/s
2026/07/28 08:24:57 job 046694e1
2026/07/28 08:25:05 acc 10  rate 237 H/s
2026/07/28 08:25:13 acc 10  rate 241 H/s
2026/07/28 08:25:17 job 6b13b05e
2026/07/28 08:25:21 acc 10  rate 291 H/s
2026/07/28 08:25:29 acc 11  rate 254 H/s
2026/07/28 08:25:37 acc 11  rate 263 H/s
2026/07/28 08:25:38 job d9c05a93
2026/07/28 08:25:45 acc 11  rate 284 H/s
2026/07/28 08:25:53 acc 11  rate 268 H/s
2026/07/28 08:25:57 job 9106e5d0
2026/07/28 08:26:01 acc 11  rate 272 H/s
2026/07/28 08:26:09 acc 11  rate 244 H/s
2026/07/28 08:26:17 acc 11  rate 254 H/s
2026/07/28 08:26:18 job d7ec7a83
2026/07/28 08:26:25 acc 11  rate 283 H/s
2026/07/28 08:26:33 acc 11  rate 299 H/s
2026/07/28 08:26:38 job f08018ec
2026/07/28 08:26:41 acc 11  rate 291 H/s
2026/07/28 08:26:49 acc 11  rate 267 H/s
2026/07/28 08:26:57 acc 11  rate 262 H/s
2026/07/28 08:26:57 job 39ab9d06
2026/07/28 08:27:05 acc 11  rate 263 H/s
2026/07/28 08:27:13 acc 11  rate 286 H/s
2026/07/28 08:27:17 job 5e613a17
2026/07/28 08:27:21 acc 11  rate 246 H/s
2026/07/28 08:27:29 acc 11  rate 267 H/s
2026/07/28 08:27:37 acc 11  rate 254 H/s
2026/07/28 08:27:38 job e82ac130
2026/07/28 08:27:45 acc 11  rate 250 H/s
2026/07/28 08:27:53 acc 11  rate 258 H/s
2026/07/28 08:27:57 job ea07abce
2026/07/28 08:28:01 acc 11  rate 311 H/s
2026/07/28 08:28:09 acc 11  rate 277 H/s
2026/07/28 08:28:17 acc 11  rate 285 H/s
2026/07/28 08:28:18 job 8f647a40
2026/07/28 08:28:25 acc 11  rate 278 H/s
2026/07/28 08:28:33 acc 11  rate 258 H/s
2026/07/28 08:28:38 job 4ee3e083
2026/07/28 08:28:41 acc 11  rate 258 H/s
2026/07/28 08:28:49 acc 11  rate 268 H/s
2026/07/28 08:28:57 acc 11  rate 236 H/s
2026/07/28 08:28:57 job ed04fe37
2026/07/28 08:29:05 acc 11  rate 261 H/s
2026/07/28 08:29:13 acc 11  rate 243 H/s
2026/07/28 08:29:17 job e63dd563
2026/07/28 08:29:21 acc 11  rate 246 H/s
2026/07/28 08:29:29 acc 11  rate 265 H/s
2026/07/28 08:29:37 acc 11  rate 272 H/s
2026/07/28 08:29:38 job 9815c726
2026/07/28 08:29:45 acc 11  rate 283 H/s
2026/07/28 08:29:53 acc 11  rate 270 H/s
2026/07/28 08:29:57 job f4be8f87
2026/07/28 08:30:01 acc 11  rate 274 H/s
2026/07/28 08:30:09 acc 11  rate 270 H/s
2026/07/28 08:30:17 acc 11  rate 282 H/s
2026/07/28 08:30:18 job 4a049c09
2026/07/28 08:30:25 acc 11  rate 230 H/s
2026/07/28 08:30:33 acc 11  rate 280 H/s
2026/07/28 08:30:38 job 4d44b78e
2026/07/28 08:30:41 acc 11  rate 291 H/s
2026/07/28 08:30:49 acc 11  rate 290 H/s
2026/07/28 08:30:57 acc 11  rate 268 H/s
2026/07/28 08:30:57 job 5b15e344
2026/07/28 08:31:05 acc 11  rate 256 H/s
2026/07/28 08:31:13 acc 11  rate 280 H/s
2026/07/28 08:31:17 job 07caa954
2026/07/28 08:31:21 acc 11  rate 268 H/s
2026/07/28 08:31:29 acc 11  rate 306 H/s
2026/07/28 08:31:37 acc 11  rate 247 H/s
2026/07/28 08:31:38 job 3f7319f6
2026/07/28 08:31:45 acc 11  rate 283 H/s
2026/07/28 08:31:53 acc 11  rate 298 H/s
2026/07/28 08:31:58 job 4edbdec2
2026/07/28 08:32:01 acc 11  rate 285 H/s
2026/07/28 08:32:09 acc 11  rate 260 H/s
2026/07/28 08:32:17 acc 11  rate 280 H/s
2026/07/28 08:32:17 job 13ff61ab
2026/07/28 08:32:25 acc 11  rate 284 H/s
2026/07/28 08:32:33 acc 11  rate 279 H/s
2026/07/28 08:32:38 job e10447ef
2026/07/28 08:32:41 acc 11  rate 292 H/s
2026/07/28 08:32:49 acc 11  rate 299 H/s
2026/07/28 08:32:57 acc 11  rate 263 H/s
2026/07/28 08:32:57 job 09c07709
2026/07/28 08:33:05 acc 11  rate 288 H/s
2026/07/28 08:33:13 acc 11  rate 259 H/s
2026/07/28 08:33:18 job 06d4d541
2026/07/28 08:33:21 acc 11  rate 244 H/s
2026/07/28 08:33:29 acc 11  rate 269 H/s
2026/07/28 08:33:37 acc 11  rate 298 H/s
2026/07/28 08:33:37 job ca809a9b
2026/07/28 08:33:45 acc 11  rate 279 H/s
2026/07/28 08:33:53 acc 11  rate 284 H/s
2026/07/28 08:33:57 job 9e6b8f1f
2026/07/28 08:34:01 acc 11  rate 265 H/s
2026/07/28 08:34:09 acc 11  rate 280 H/s
2026/07/28 08:34:17 acc 11  rate 259 H/s
2026/07/28 08:34:18 job 00a7803c
2026/07/28 08:34:25 acc 11  rate 266 H/s
2026/07/28 08:34:33 acc 11  rate 272 H/s
2026/07/28 08:34:38 job 19566a3e
2026/07/28 08:34:41 acc 11  rate 261 H/s
2026/07/28 08:34:49 acc 11  rate 280 H/s
2026/07/28 08:34:57 acc 12  rate 287 H/s
2026/07/28 08:34:57 job a1004d63
2026/07/28 08:35:05 acc 12  rate 267 H/s
2026/07/28 08:35:13 acc 12  rate 272 H/s
2026/07/28 08:35:18 job f6b1d114
2026/07/28 08:35:21 acc 12  rate 268 H/s
2026/07/28 08:35:29 acc 12  rate 289 H/s
2026/07/28 08:35:37 acc 12  rate 261 H/s
2026/07/28 08:35:37 job a6301156
2026/07/28 08:35:45 acc 12  rate 259 H/s
2026/07/28 08:35:53 acc 12  rate 273 H/s
2026/07/28 08:35:57 job 42fd9d28
2026/07/28 08:36:01 acc 12  rate 267 H/s
2026/07/28 08:36:09 acc 12  rate 308 H/s
2026/07/28 08:36:17 acc 12  rate 266 H/s
2026/07/28 08:36:18 job 4360bc06
2026/07/28 08:36:25 acc 12  rate 265 H/s
2026/07/28 08:36:33 acc 12  rate 256 H/s
2026/07/28 08:36:38 job 4422efeb
2026/07/28 08:36:41 acc 12  rate 270 H/s
2026/07/28 08:36:49 acc 12  rate 287 H/s
2026/07/28 08:36:57 acc 12  rate 294 H/s
2026/07/28 08:36:57 job d4f7db72
2026/07/28 08:37:05 acc 12  rate 269 H/s
2026/07/28 08:37:13 acc 12  rate 286 H/s
2026/07/28 08:37:17 job 832f0abc
2026/07/28 08:37:21 acc 12  rate 271 H/s
2026/07/28 08:37:29 acc 12  rate 294 H/s
2026/07/28 08:37:37 acc 12  rate 237 H/s
2026/07/28 08:37:38 job 832376d2
2026/07/28 08:37:45 acc 12  rate 278 H/s
2026/07/28 08:37:53 acc 12  rate 274 H/s
2026/07/28 08:37:58 job 7f18b29b
2026/07/28 08:38:01 acc 12  rate 294 H/s
2026/07/28 08:38:09 acc 12  rate 261 H/s
2026/07/28 08:38:17 acc 12  rate 258 H/s
2026/07/28 08:38:18 job d31eb0bb
2026/07/28 08:38:25 acc 12  rate 265 H/s
2026/07/28 08:38:33 acc 12  rate 270 H/s
2026/07/28 08:38:38 job 8c13f9e5
2026/07/28 08:38:41 acc 12  rate 274 H/s
2026/07/28 08:38:49 acc 12  rate 288 H/s
2026/07/28 08:38:57 acc 12  rate 296 H/s
2026/07/28 08:38:57 job ee5b8b6f
2026/07/28 08:39:05 acc 12  rate 276 H/s
2026/07/28 08:39:13 acc 12  rate 252 H/s
2026/07/28 08:39:18 job d60737ba
2026/07/28 08:39:21 acc 12  rate 267 H/s
2026/07/28 08:39:29 acc 12  rate 296 H/s
2026/07/28 08:39:37 acc 12  rate 296 H/s
2026/07/28 08:39:39 job 998c1fc6
2026/07/28 08:39:45 acc 12  rate 284 H/s
2026/07/28 08:39:53 acc 12  rate 295 H/s
2026/07/28 08:39:57 job 78813115
2026/07/28 08:40:01 acc 12  rate 267 H/s
2026/07/28 08:40:09 acc 12  rate 286 H/s
2026/07/28 08:40:17 acc 12  rate 283 H/s
2026/07/28 08:40:18 job bc341940
2026/07/28 08:40:25 acc 12  rate 284 H/s
2026/07/28 08:40:33 acc 12  rate 261 H/s
2026/07/28 08:40:38 job d1259452
2026/07/28 08:40:41 acc 12  rate 282 H/s
2026/07/28 08:40:49 acc 12  rate 268 H/s
2026/07/28 08:40:57 acc 12  rate 299 H/s
2026/07/28 08:40:58 job 945819b6
2026/07/28 08:41:05 acc 12  rate 281 H/s
2026/07/28 08:41:13 acc 12  rate 263 H/s
2026/07/28 08:41:18 job bc2504a3
2026/07/28 08:41:21 acc 12  rate 244 H/s
2026/07/28 08:41:29 acc 12  rate 274 H/s
2026/07/28 08:41:37 acc 12  rate 300 H/s
2026/07/28 08:41:38 job cc5d013c
2026/07/28 08:41:45 acc 12  rate 316 H/s
2026/07/28 08:41:53 acc 12  rate 255 H/s
2026/07/28 08:41:58 job 77542096
2026/07/28 08:42:01 acc 12  rate 277 H/s
2026/07/28 08:42:09 acc 12  rate 274 H/s
2026/07/28 08:42:17 acc 12  rate 293 H/s
2026/07/28 08:42:17 job bbec44e7
2026/07/28 08:42:25 acc 12  rate 270 H/s
2026/07/28 08:42:33 acc 12  rate 266 H/s
2026/07/28 08:42:37 job b784a1ea
2026/07/28 08:42:41 acc 12  rate 285 H/s
2026/07/28 08:42:49 acc 12  rate 246 H/s
2026/07/28 08:42:57 acc 12  rate 302 H/s
2026/07/28 08:42:58 job 446eb8f6
2026/07/28 08:43:05 acc 12  rate 290 H/s
2026/07/28 08:43:13 acc 13  rate 268 H/s
2026/07/28 08:43:18 job 0d00d266
2026/07/28 08:43:21 acc 13  rate 252 H/s
2026/07/28 08:43:29 acc 13  rate 228 H/s
2026/07/28 08:43:37 acc 13  rate 224 H/s
2026/07/28 08:43:38 job 79dcf922
2026/07/28 08:43:45 acc 13  rate 222 H/s
2026/07/28 08:43:53 acc 13  rate 252 H/s
2026/07/28 08:43:58 job 5e4624aa
2026/07/28 08:44:01 acc 13  rate 230 H/s
2026/07/28 08:44:09 acc 13  rate 247 H/s
2026/07/28 08:44:17 acc 13  rate 245 H/s
2026/07/28 08:44:18 job 2e5cc1f7
2026/07/28 08:44:25 acc 13  rate 244 H/s
2026/07/28 08:44:33 acc 13  rate 232 H/s
2026/07/28 08:44:38 job 296e7549
2026/07/28 08:44:41 acc 13  rate 273 H/s
2026/07/28 08:44:49 acc 13  rate 247 H/s
2026/07/28 08:44:57 acc 13  rate 286 H/s
2026/07/28 08:44:58 job 00b8e7dd
2026/07/28 08:45:05 acc 13  rate 276 H/s
2026/07/28 08:45:13 acc 13  rate 280 H/s
2026/07/28 08:45:18 job cc4c47b8
2026/07/28 08:45:21 acc 13  rate 285 H/s
2026/07/28 08:45:29 acc 13  rate 282 H/s
2026/07/28 08:45:37 acc 13  rate 276 H/s
2026/07/28 08:45:38 job 315f2ecc
2026/07/28 08:45:45 acc 13  rate 289 H/s
2026/07/28 08:45:53 acc 13  rate 251 H/s
2026/07/28 08:45:58 job c61a3c1b
2026/07/28 08:46:01 acc 13  rate 280 H/s
2026/07/28 08:46:09 acc 13  rate 257 H/s
2026/07/28 08:46:17 acc 13  rate 273 H/s
2026/07/28 08:46:18 job 5253850e
2026/07/28 08:46:25 acc 13  rate 268 H/s
2026/07/28 08:46:33 acc 13  rate 293 H/s
2026/07/28 08:46:38 job 698f70ce
2026/07/28 08:46:41 acc 13  rate 271 H/s
2026/07/28 08:46:49 acc 13  rate 269 H/s
2026/07/28 08:46:57 acc 13  rate 261 H/s
2026/07/28 08:46:58 job 615385fa
2026/07/28 08:47:05 acc 13  rate 279 H/s
2026/07/28 08:47:13 acc 14  rate 274 H/s
2026/07/28 08:47:18 job 7c6cab87
2026/07/28 08:47:21 acc 14  rate 285 H/s
2026/07/28 08:47:29 acc 14  rate 282 H/s
2026/07/28 08:47:37 acc 14  rate 266 H/s
2026/07/28 08:47:39 job a87e0d8a
2026/07/28 08:47:45 acc 14  rate 301 H/s
2026/07/28 08:47:53 acc 14  rate 290 H/s
2026/07/28 08:47:58 job a1f015dd
2026/07/28 08:48:01 acc 14  rate 283 H/s
2026/07/28 08:48:09 acc 14  rate 235 H/s
2026/07/28 08:48:17 acc 14  rate 296 H/s
2026/07/28 08:48:18 job 1cab2a78
2026/07/28 08:48:25 acc 15  rate 270 H/s
2026/07/28 08:48:33 acc 15  rate 266 H/s
2026/07/28 08:48:38 job fda7d169
2026/07/28 08:48:41 acc 15  rate 269 H/s
2026/07/28 08:48:49 acc 15  rate 299 H/s
2026/07/28 08:48:57 acc 15  rate 292 H/s
2026/07/28 08:48:58 job a4b966dc
2026/07/28 08:49:05 acc 15  rate 287 H/s
2026/07/28 08:49:13 acc 15  rate 321 H/s
2026/07/28 08:49:18 job 0ae15c8f
2026/07/28 08:49:21 acc 15  rate 266 H/s
2026/07/28 08:49:29 acc 15  rate 261 H/s
2026/07/28 08:49:37 acc 15  rate 270 H/s
2026/07/28 08:49:38 job c67ccfe3
2026/07/28 08:49:45 acc 15  rate 261 H/s
2026/07/28 08:49:53 acc 15  rate 259 H/s
2026/07/28 08:49:58 job ed4e1e22
2026/07/28 08:50:01 acc 15  rate 263 H/s
2026/07/28 08:50:09 acc 15  rate 267 H/s
2026/07/28 08:50:17 acc 15  rate 283 H/s
2026/07/28 08:50:18 job 343546e5
2026/07/28 08:50:25 acc 15  rate 236 H/s
2026/07/28 08:50:33 acc 15  rate 262 H/s
2026/07/28 08:50:39 job 035f89f8
2026/07/28 08:50:41 acc 15  rate 256 H/s
2026/07/28 08:50:49 acc 15  rate 252 H/s
2026/07/28 08:50:57 acc 15  rate 275 H/s
2026/07/28 08:50:58 job 9ae5fd61
2026/07/28 08:51:05 acc 15  rate 274 H/s
2026/07/28 08:51:13 acc 15  rate 269 H/s
2026/07/28 08:51:18 job 6967f687
2026/07/28 08:51:21 acc 15  rate 240 H/s
2026/07/28 08:51:29 acc 15  rate 276 H/s
2026/07/28 08:51:37 acc 15  rate 257 H/s
2026/07/28 08:51:38 job 0d17fccd
2026/07/28 08:51:45 acc 15  rate 269 H/s
2026/07/28 08:51:53 acc 15  rate 287 H/s
2026/07/28 08:51:58 job c9db28af
2026/07/28 08:52:01 acc 15  rate 260 H/s
2026/07/28 08:52:09 acc 15  rate 288 H/s
2026/07/28 08:52:17 acc 15  rate 279 H/s
2026/07/28 08:52:18 job e228c8fc
2026/07/28 08:52:25 acc 16  rate 313 H/s
2026/07/28 08:52:33 acc 16  rate 270 H/s
2026/07/28 08:52:38 job 84426d4b
2026/07/28 08:52:41 acc 16  rate 283 H/s
2026/07/28 08:52:49 acc 16  rate 287 H/s
2026/07/28 08:52:57 acc 16  rate 298 H/s
2026/07/28 08:52:58 job e217855b
2026/07/28 08:53:05 acc 16  rate 266 H/s
2026/07/28 08:53:13 acc 16  rate 291 H/s
2026/07/28 08:53:18 job fe78e8c2
2026/07/28 08:53:21 acc 16  rate 332 H/s
2026/07/28 08:53:29 acc 16  rate 259 H/s
2026/07/28 08:53:37 acc 16  rate 282 H/s
2026/07/28 08:53:39 job d19556ce
2026/07/28 08:53:45 acc 16  rate 270 H/s
2026/07/28 08:53:53 acc 16  rate 263 H/s
2026/07/28 08:53:58 job aea4ff38
2026/07/28 08:54:01 acc 16  rate 291 H/s
2026/07/28 08:54:09 acc 16  rate 273 H/s
2026/07/28 08:54:17 acc 17  rate 283 H/s
2026/07/28 08:54:18 job aca3cb2a
2026/07/28 08:54:25 acc 17  rate 261 H/s
2026/07/28 08:54:33 acc 17  rate 299 H/s
2026/07/28 08:54:38 job a56f0d4f
2026/07/28 08:54:41 acc 17  rate 257 H/s
2026/07/28 08:54:49 acc 17  rate 250 H/s
2026/07/28 08:54:57 acc 17  rate 266 H/s
2026/07/28 08:54:58 job 467c6243
2026/07/28 08:55:05 acc 17  rate 239 H/s
2026/07/28 08:55:13 acc 17  rate 274 H/s
2026/07/28 08:55:18 job 4e4032b9
2026/07/28 08:55:21 acc 17  rate 306 H/s
2026/07/28 08:55:29 acc 17  rate 322 H/s
2026/07/28 08:55:37 acc 17  rate 288 H/s
2026/07/28 08:55:38 job 22da9c8e
2026/07/28 08:55:45 acc 17  rate 266 H/s
2026/07/28 08:55:53 acc 17  rate 272 H/s
2026/07/28 08:55:58 job 6fa223c7
2026/07/28 08:56:01 acc 17  rate 253 H/s
2026/07/28 08:56:09 acc 17  rate 248 H/s
2026/07/28 08:56:17 acc 17  rate 272 H/s
2026/07/28 08:56:18 job 2d179f65
2026/07/28 08:56:25 acc 17  rate 278 H/s
2026/07/28 08:56:33 acc 17  rate 265 H/s
2026/07/28 08:56:38 job 2eeb75d7
2026/07/28 08:56:41 acc 17  rate 273 H/s
2026/07/28 08:56:49 acc 17  rate 286 H/s
2026/07/28 08:56:57 acc 17  rate 312 H/s
2026/07/28 08:56:58 job 589b6c21
2026/07/28 08:57:05 acc 17  rate 311 H/s
2026/07/28 08:57:13 acc 17  rate 280 H/s
2026/07/28 08:57:18 job 337832e2
2026/07/28 08:57:21 acc 17  rate 257 H/s
2026/07/28 08:57:29 acc 17  rate 293 H/s
2026/07/28 08:57:37 acc 17  rate 273 H/s
2026/07/28 08:57:38 job b2060b73
2026/07/28 08:57:45 acc 17  rate 280 H/s
2026/07/28 08:57:53 acc 17  rate 266 H/s
2026/07/28 08:57:58 job 953b72b9
2026/07/28 08:58:01 acc 17  rate 251 H/s
2026/07/28 08:58:09 acc 17  rate 229 H/s
2026/07/28 08:58:17 acc 17  rate 311 H/s
2026/07/28 08:58:18 job 28ed4a35
2026/07/28 08:58:25 acc 17  rate 236 H/s
2026/07/28 08:58:33 acc 17  rate 276 H/s
2026/07/28 08:58:38 job c0c15482
2026/07/28 08:58:41 acc 17  rate 297 H/s
2026/07/28 08:58:49 acc 17  rate 345 H/s
2026/07/28 08:58:57 acc 17  rate 278 H/s
2026/07/28 08:58:58 job 230f91a3
2026/07/28 08:59:05 acc 17  rate 286 H/s
2026/07/28 08:59:13 acc 17  rate 237 H/s
2026/07/28 08:59:18 job 4f8eb9d9
2026/07/28 08:59:21 acc 17  rate 257 H/s
2026/07/28 08:59:29 acc 17  rate 267 H/s
2026/07/28 08:59:37 acc 17  rate 274 H/s
2026/07/28 08:59:38 job 17b7fdc7
2026/07/28 08:59:45 acc 17  rate 263 H/s
2026/07/28 08:59:53 acc 17  rate 286 H/s
2026/07/28 08:59:58 job d2361797
2026/07/28 09:00:01 acc 17  rate 298 H/s
2026/07/28 09:00:09 acc 17  rate 266 H/s
2026/07/28 09:00:17 acc 17  rate 299 H/s
2026/07/28 09:00:18 job 71243359
2026/07/28 09:00:25 acc 17  rate 307 H/s
2026/07/28 09:00:33 acc 17  rate 277 H/s
2026/07/28 09:00:38 job aa3c087a
2026/07/28 09:00:41 acc 17  rate 277 H/s
2026/07/28 09:00:49 acc 17  rate 290 H/s
2026/07/28 09:00:57 acc 17  rate 280 H/s
2026/07/28 09:00:58 job 1759cc73
2026/07/28 09:01:05 acc 17  rate 314 H/s
2026/07/28 09:01:13 acc 17  rate 284 H/s
2026/07/28 09:01:18 job f441e69f
2026/07/28 09:01:21 acc 17  rate 283 H/s
2026/07/28 09:01:29 acc 17  rate 267 H/s
2026/07/28 09:01:37 acc 17  rate 280 H/s
2026/07/28 09:01:38 job ccb5c05a
2026/07/28 09:01:45 acc 17  rate 293 H/s
2026/07/28 09:01:53 acc 17  rate 297 H/s
2026/07/28 09:01:58 job 69ff1404
2026/07/28 09:02:01 acc 17  rate 286 H/s
2026/07/28 09:02:09 acc 17  rate 294 H/s
2026/07/28 09:02:17 acc 17  rate 238 H/s
2026/07/28 09:02:18 job 52e3bb52
2026/07/28 09:02:25 acc 17  rate 285 H/s
2026/07/28 09:02:33 acc 17  rate 297 H/s
2026/07/28 09:02:38 job 4b41d202
2026/07/28 09:02:41 acc 17  rate 298 H/s
2026/07/28 09:02:49 acc 17  rate 277 H/s
2026/07/28 09:02:57 acc 17  rate 289 H/s
2026/07/28 09:02:58 job 0da7499d
2026/07/28 09:03:05 acc 17  rate 286 H/s
2026/07/28 09:03:13 acc 17  rate 271 H/s
2026/07/28 09:03:18 job b5b2946d
2026/07/28 09:03:21 acc 17  rate 278 H/s
2026/07/28 09:03:29 acc 17  rate 303 H/s
2026/07/28 09:03:37 acc 17  rate 290 H/s
2026/07/28 09:03:38 job 5c59b16b
2026/07/28 09:03:45 acc 17  rate 289 H/s
2026/07/28 09:03:53 acc 17  rate 268 H/s
2026/07/28 09:03:58 job 949cb9f2
2026/07/28 09:04:01 acc 17  rate 240 H/s
2026/07/28 09:04:09 acc 17  rate 261 H/s
2026/07/28 09:04:17 acc 17  rate 257 H/s
2026/07/28 09:04:18 job 7c83ac17
2026/07/28 09:04:25 acc 17  rate 296 H/s
2026/07/28 09:04:33 acc 17  rate 249 H/s
2026/07/28 09:04:38 job eab77c29
2026/07/28 09:04:41 acc 17  rate 259 H/s
2026/07/28 09:04:49 acc 17  rate 268 H/s
2026/07/28 09:04:57 acc 17  rate 266 H/s
2026/07/28 09:04:58 job 65081627
2026/07/28 09:05:05 acc 17  rate 282 H/s
2026/07/28 09:05:13 acc 17  rate 277 H/s
2026/07/28 09:05:18 job c36f3d24
2026/07/28 09:05:21 acc 17  rate 293 H/s
2026/07/28 09:05:29 acc 17  rate 280 H/s
2026/07/28 09:05:37 acc 17  rate 272 H/s
2026/07/28 09:05:38 job 2e020a6b
2026/07/28 09:05:45 acc 17  rate 292 H/s
2026/07/28 09:05:53 acc 17  rate 291 H/s
2026/07/28 09:05:58 job 93af51ae
2026/07/28 09:06:01 acc 17  rate 290 H/s
2026/07/28 09:06:09 acc 17  rate 248 H/s
2026/07/28 09:06:17 acc 17  rate 281 H/s
2026/07/28 09:06:18 job 04384c57
2026/07/28 09:06:25 acc 17  rate 282 H/s
2026/07/28 09:06:33 acc 17  rate 280 H/s
2026/07/28 09:06:38 job 6d77d310
2026/07/28 09:06:41 acc 17  rate 269 H/s
2026/07/28 09:06:49 acc 17  rate 276 H/s
2026/07/28 09:06:57 acc 17  rate 271 H/s
2026/07/28 09:06:58 job 0a597ddf
2026/07/28 09:07:05 acc 17  rate 288 H/s
2026/07/28 09:07:13 acc 17  rate 267 H/s
2026/07/28 09:07:18 job 5bc5655c
2026/07/28 09:07:21 acc 17  rate 276 H/s
2026/07/28 09:07:29 acc 17  rate 266 H/s
2026/07/28 09:07:37 acc 17  rate 284 H/s
2026/07/28 09:07:39 job f17f03bb
2026/07/28 09:07:45 acc 17  rate 246 H/s
2026/07/28 09:07:53 acc 17  rate 283 H/s
2026/07/28 09:07:58 job 0965dad3
2026/07/28 09:08:01 acc 17  rate 279 H/s
2026/07/28 09:08:09 acc 17  rate 297 H/s
2026/07/28 09:08:17 acc 17  rate 261 H/s
2026/07/28 09:08:18 job 50d9f413
2026/07/28 09:08:25 acc 17  rate 282 H/s
2026/07/28 09:08:33 acc 17  rate 270 H/s
2026/07/28 09:08:39 job 0d50c31b
2026/07/28 09:08:41 acc 17  rate 279 H/s
2026/07/28 09:08:49 acc 17  rate 268 H/s
2026/07/28 09:08:57 acc 17  rate 248 H/s
2026/07/28 09:08:58 job 1d9dac9b
2026/07/28 09:09:05 acc 17  rate 287 H/s
2026/07/28 09:09:13 acc 17  rate 277 H/s
2026/07/28 09:09:18 job a330304d
2026/07/28 09:09:21 acc 17  rate 269 H/s
2026/07/28 09:09:29 acc 17  rate 270 H/s
2026/07/28 09:09:37 acc 17  rate 266 H/s
2026/07/28 09:09:38 job f8649520
2026/07/28 09:09:45 acc 17  rate 273 H/s
2026/07/28 09:09:53 acc 17  rate 309 H/s
2026/07/28 09:09:58 job 3c5ee4aa
2026/07/28 09:10:01 acc 17  rate 285 H/s
2026/07/28 09:10:09 acc 17  rate 269 H/s
2026/07/28 09:10:17 acc 18  rate 278 H/s
2026/07/28 09:10:18 job eb391dff
2026/07/28 09:10:25 acc 18  rate 271 H/s
2026/07/28 09:10:33 acc 18  rate 292 H/s
2026/07/28 09:10:38 job d309c690
2026/07/28 09:10:41 acc 18  rate 298 H/s
2026/07/28 09:10:49 acc 18  rate 285 H/s
2026/07/28 09:10:57 acc 18  rate 271 H/s
2026/07/28 09:10:58 job 7ae92e3b
2026/07/28 09:11:05 acc 18  rate 284 H/s
2026/07/28 09:11:13 acc 18  rate 269 H/s
2026/07/28 09:11:18 job b5761757
2026/07/28 09:11:21 acc 18  rate 298 H/s
2026/07/28 09:11:29 acc 18  rate 295 H/s
2026/07/28 09:11:37 acc 18  rate 280 H/s
2026/07/28 09:11:38 job 9370e57d
2026/07/28 09:11:45 acc 18  rate 273 H/s
2026/07/28 09:11:53 acc 18  rate 272 H/s
2026/07/28 09:11:58 job afee485f
2026/07/28 09:12:01 acc 18  rate 299 H/s
2026/07/28 09:12:09 acc 18  rate 300 H/s
2026/07/28 09:12:17 acc 18  rate 272 H/s
2026/07/28 09:12:18 job d09e9734
2026/07/28 09:12:25 acc 18  rate 292 H/s
2026/07/28 09:12:33 acc 18  rate 290 H/s
2026/07/28 09:12:38 job 78e8695a
2026/07/28 09:12:41 acc 18  rate 289 H/s
2026/07/28 09:12:49 acc 18  rate 266 H/s
2026/07/28 09:12:57 acc 18  rate 311 H/s
2026/07/28 09:12:58 job 5a4f8765
2026/07/28 09:13:05 acc 18  rate 278 H/s
2026/07/28 09:13:13 acc 18  rate 257 H/s
2026/07/28 09:13:18 job 2765a71d
2026/07/28 09:13:21 acc 18  rate 253 H/s
2026/07/28 09:13:29 acc 18  rate 283 H/s
2026/07/28 09:13:37 acc 18  rate 331 H/s
2026/07/28 09:13:39 job ee83fc77
2026/07/28 09:13:45 acc 18  rate 285 H/s
2026/07/28 09:13:53 acc 18  rate 282 H/s
2026/07/28 09:13:58 job 3bedacce
2026/07/28 09:14:01 acc 18  rate 272 H/s
2026/07/28 09:14:09 acc 18  rate 267 H/s
2026/07/28 09:14:17 acc 18  rate 263 H/s
2026/07/28 09:14:18 job 44009ed3
2026/07/28 09:14:25 acc 18  rate 260 H/s
2026/07/28 09:14:33 acc 18  rate 274 H/s
2026/07/28 09:14:39 job b674ff38
2026/07/28 09:14:41 acc 18  rate 266 H/s
2026/07/28 09:14:49 acc 18  rate 234 H/s
2026/07/28 09:14:57 acc 18  rate 262 H/s
2026/07/28 09:14:58 job efb09880
2026/07/28 09:15:05 acc 18  rate 285 H/s
2026/07/28 09:15:13 acc 18  rate 279 H/s
2026/07/28 09:15:19 job fa36a459
2026/07/28 09:15:21 acc 18  rate 237 H/s
2026/07/28 09:15:29 acc 18  rate 293 H/s
2026/07/28 09:15:37 acc 18  rate 279 H/s
2026/07/28 09:15:39 job 86f72284
2026/07/28 09:15:45 acc 18  rate 264 H/s
2026/07/28 09:15:53 acc 18  rate 285 H/s
2026/07/28 09:15:58 job a4d1f38e
2026/07/28 09:16:01 acc 18  rate 307 H/s
2026/07/28 09:16:09 acc 18  rate 249 H/s
2026/07/28 09:16:17 acc 18  rate 265 H/s
2026/07/28 09:16:18 job 8be97df8
2026/07/28 09:16:25 acc 18  rate 321 H/s
2026/07/28 09:16:33 acc 18  rate 303 H/s
2026/07/28 09:16:39 job 37d6f88e
2026/07/28 09:16:41 acc 18  rate 306 H/s
2026/07/28 09:16:49 acc 18  rate 301 H/s
2026/07/28 09:16:57 acc 18  rate 301 H/s
2026/07/28 09:16:58 job 4ebb9055
2026/07/28 09:17:05 acc 18  rate 295 H/s
2026/07/28 09:17:13 acc 18  rate 257 H/s
2026/07/28 09:17:18 job 9eea5cd4
2026/07/28 09:17:21 acc 18  rate 327 H/s
2026/07/28 09:17:29 acc 18  rate 270 H/s
2026/07/28 09:17:37 acc 18  rate 302 H/s
2026/07/28 09:17:39 job 42319071
2026/07/28 09:17:45 acc 18  rate 289 H/s
2026/07/28 09:17:53 acc 18  rate 297 H/s
2026/07/28 09:17:58 job 7f259696
2026/07/28 09:18:01 acc 18  rate 290 H/s
2026/07/28 09:18:09 acc 18  rate 285 H/s
2026/07/28 09:18:17 acc 19  rate 257 H/s
2026/07/28 09:18:18 job 546ff250
2026/07/28 09:18:25 acc 19  rate 295 H/s
2026/07/28 09:18:33 acc 19  rate 267 H/s
2026/07/28 09:18:39 job e4485e14
2026/07/28 09:18:41 acc 19  rate 296 H/s
2026/07/28 09:18:49 acc 19  rate 286 H/s
2026/07/28 09:18:57 acc 19  rate 243 H/s
2026/07/28 09:18:58 job 7462086a
2026/07/28 09:19:05 acc 19  rate 253 H/s
2026/07/28 09:19:13 acc 19  rate 250 H/s
2026/07/28 09:19:18 job 5b0aff9c
2026/07/28 09:19:21 acc 19  rate 272 H/s
2026/07/28 09:19:29 acc 19  rate 237 H/s
2026/07/28 09:19:37 acc 19  rate 282 H/s
2026/07/28 09:19:38 job ea6cb637
2026/07/28 09:19:45 acc 19  rate 289 H/s
2026/07/28 09:19:53 acc 19  rate 258 H/s
2026/07/28 09:19:58 job 82e24c38
2026/07/28 09:20:01 acc 19  rate 247 H/s
2026/07/28 09:20:09 acc 19  rate 262 H/s
2026/07/28 09:20:17 acc 19  rate 289 H/s
2026/07/28 09:20:19 job 60df31db
2026/07/28 09:20:25 acc 19  rate 281 H/s
2026/07/28 09:20:33 acc 19  rate 288 H/s
2026/07/28 09:20:38 job e829e127
2026/07/28 09:20:41 acc 19  rate 267 H/s
2026/07/28 09:20:49 acc 19  rate 248 H/s
2026/07/28 09:20:57 acc 19  rate 281 H/s
2026/07/28 09:20:58 job 5515f44c
2026/07/28 09:21:05 acc 19  rate 267 H/s
2026/07/28 09:21:13 acc 19  rate 293 H/s
2026/07/28 09:21:18 job 58cee7ad
2026/07/28 09:21:21 acc 19  rate 276 H/s
2026/07/28 09:21:29 acc 19  rate 268 H/s
2026/07/28 09:21:37 acc 19  rate 258 H/s
2026/07/28 09:21:38 job 9d061de7
2026/07/28 09:21:45 acc 19  rate 279 H/s
2026/07/28 09:21:53 acc 19  rate 249 H/s
2026/07/28 09:21:58 job ff6be06c
2026/07/28 09:22:01 acc 19  rate 237 H/s
2026/07/28 09:22:09 acc 19  rate 249 H/s
2026/07/28 09:22:17 acc 19  rate 299 H/s
2026/07/28 09:22:18 job 2e663a81
2026/07/28 09:22:25 acc 19  rate 278 H/s
2026/07/28 09:22:33 acc 19  rate 271 H/s
2026/07/28 09:22:38 job 513c0ac4
2026/07/28 09:22:41 acc 19  rate 285 H/s
2026/07/28 09:22:49 acc 19  rate 285 H/s
2026/07/28 09:22:57 acc 19  rate 292 H/s
2026/07/28 09:22:58 job 50828d8e
2026/07/28 09:23:05 acc 19  rate 255 H/s
2026/07/28 09:23:13 acc 19  rate 256 H/s
2026/07/28 09:23:18 job c129ab47
2026/07/28 09:23:21 acc 19  rate 270 H/s
2026/07/28 09:23:29 acc 19  rate 277 H/s
2026/07/28 09:23:37 acc 19  rate 270 H/s
2026/07/28 09:23:38 job 7d05d89d
2026/07/28 09:23:45 acc 19  rate 290 H/s
2026/07/28 09:23:53 acc 19  rate 253 H/s
2026/07/28 09:23:59 job 897002d6
2026/07/28 09:24:01 acc 19  rate 313 H/s
2026/07/28 09:24:09 acc 19  rate 274 H/s
2026/07/28 09:24:17 acc 19  rate 287 H/s
2026/07/28 09:24:18 job 905a6707
2026/07/28 09:24:25 acc 19  rate 265 H/s
2026/07/28 09:24:33 acc 19  rate 301 H/s
2026/07/28 09:24:38 job cce7463b
2026/07/28 09:24:41 acc 19  rate 244 H/s
2026/07/28 09:24:49 acc 19  rate 282 H/s
2026/07/28 09:24:57 acc 19  rate 280 H/s
2026/07/28 09:24:58 job fb09b9ed
2026/07/28 09:25:05 acc 19  rate 298 H/s
2026/07/28 09:25:13 acc 19  rate 268 H/s
2026/07/28 09:25:18 job a75a0164
2026/07/28 09:25:21 acc 19  rate 287 H/s
2026/07/28 09:25:29 acc 19  rate 263 H/s
2026/07/28 09:25:37 acc 19  rate 286 H/s
2026/07/28 09:25:39 job 6110def7
2026/07/28 09:25:45 acc 19  rate 272 H/s
2026/07/28 09:25:53 acc 19  rate 296 H/s
2026/07/28 09:25:59 job 67b41804
2026/07/28 09:26:01 acc 19  rate 299 H/s
2026/07/28 09:26:09 acc 19  rate 279 H/s
2026/07/28 09:26:17 acc 19  rate 277 H/s
2026/07/28 09:26:18 job a8387270
2026/07/28 09:26:25 acc 19  rate 253 H/s
2026/07/28 09:26:33 acc 19  rate 305 H/s
2026/07/28 09:26:38 job 8b6236a4
2026/07/28 09:26:41 acc 19  rate 302 H/s
2026/07/28 09:26:49 acc 19  rate 299 H/s
2026/07/28 09:26:57 acc 19  rate 262 H/s
2026/07/28 09:26:58 job 8e70013f
2026/07/28 09:27:05 acc 19  rate 285 H/s
2026/07/28 09:27:13 acc 19  rate 287 H/s
2026/07/28 09:27:18 job a1d1009d
2026/07/28 09:27:21 acc 19  rate 245 H/s
2026/07/28 09:27:29 acc 19  rate 245 H/s
2026/07/28 09:27:37 acc 19  rate 275 H/s
2026/07/28 09:27:38 job 81cccfde
2026/07/28 09:27:45 acc 19  rate 264 H/s
2026/07/28 09:27:53 acc 19  rate 320 H/s
2026/07/28 09:27:58 job b17e605c
2026/07/28 09:28:01 acc 19  rate 292 H/s
2026/07/28 09:28:09 acc 19  rate 284 H/s
2026/07/28 09:28:17 acc 19  rate 274 H/s
2026/07/28 09:28:18 job 18d1527c
2026/07/28 09:28:25 acc 19  rate 263 H/s
2026/07/28 09:28:33 acc 19  rate 277 H/s
2026/07/28 09:28:38 job 127666fd
2026/07/28 09:28:41 acc 19  rate 283 H/s
2026/07/28 09:28:49 acc 19  rate 280 H/s
2026/07/28 09:28:57 acc 19  rate 306 H/s
2026/07/28 09:28:59 job 660cb103
2026/07/28 09:29:05 acc 19  rate 275 H/s
2026/07/28 09:29:13 acc 19  rate 263 H/s
2026/07/28 09:29:18 job acee5ce5
2026/07/28 09:29:21 acc 19  rate 277 H/s
2026/07/28 09:29:29 acc 19  rate 279 H/s
2026/07/28 09:29:37 acc 19  rate 281 H/s
2026/07/28 09:29:38 job d300bb15
2026/07/28 09:29:45 acc 19  rate 240 H/s
2026/07/28 09:29:53 acc 19  rate 270 H/s
2026/07/28 09:29:58 job 55769eab
2026/07/28 09:30:01 acc 19  rate 278 H/s
2026/07/28 09:30:09 acc 19  rate 291 H/s
2026/07/28 09:30:17 acc 19  rate 299 H/s
2026/07/28 09:30:19 job 4219fc28
2026/07/28 09:30:25 acc 19  rate 266 H/s
2026/07/28 09:30:33 acc 19  rate 242 H/s
2026/07/28 09:30:39 job 346c4056
2026/07/28 09:30:41 acc 19  rate 255 H/s
2026/07/28 09:30:49 acc 19  rate 265 H/s
2026/07/28 09:30:57 acc 19  rate 292 H/s
2026/07/28 09:30:59 job 52ea384b
2026/07/28 09:31:05 acc 19  rate 291 H/s
2026/07/28 09:31:13 acc 19  rate 304 H/s
2026/07/28 09:31:18 job 16987712
2026/07/28 09:31:21 acc 19  rate 284 H/s
2026/07/28 09:31:29 acc 19  rate 286 H/s
2026/07/28 09:31:37 acc 19  rate 295 H/s
2026/07/28 09:31:38 job eb790555
2026/07/28 09:31:45 acc 19  rate 259 H/s
2026/07/28 09:31:53 acc 19  rate 286 H/s
2026/07/28 09:31:58 job 798115ea
2026/07/28 09:32:01 acc 19  rate 252 H/s
2026/07/28 09:32:09 acc 19  rate 248 H/s
2026/07/28 09:32:17 acc 20  rate 258 H/s
2026/07/28 09:32:18 job 9700c0e4
2026/07/28 09:32:25 acc 20  rate 285 H/s
2026/07/28 09:32:33 acc 20  rate 283 H/s
2026/07/28 09:32:38 job 8a561796
2026/07/28 09:32:41 acc 20  rate 278 H/s
2026/07/28 09:32:49 acc 20  rate 289 H/s
2026/07/28 09:32:57 acc 20  rate 300 H/s
2026/07/28 09:32:59 job 20704d4a
2026/07/28 09:33:05 acc 20  rate 277 H/s
2026/07/28 09:33:13 acc 20  rate 324 H/s
2026/07/28 09:33:19 job ecb4b9ad
2026/07/28 09:33:21 acc 20  rate 265 H/s
2026/07/28 09:33:29 acc 20  rate 284 H/s
2026/07/28 09:33:37 acc 20  rate 247 H/s
2026/07/28 09:33:38 job 35daae2f
2026/07/28 09:33:45 acc 20  rate 260 H/s
2026/07/28 09:33:53 acc 20  rate 303 H/s
2026/07/28 09:33:58 job afe01e95
2026/07/28 09:34:01 acc 20  rate 276 H/s
2026/07/28 09:34:09 acc 20  rate 260 H/s
2026/07/28 09:34:17 acc 20  rate 286 H/s
2026/07/28 09:34:19 job cd9f1af8
2026/07/28 09:34:25 acc 20  rate 288 H/s
2026/07/28 09:34:33 acc 20  rate 293 H/s
2026/07/28 09:34:38 job a85eb433
2026/07/28 09:34:41 acc 20  rate 313 H/s
2026/07/28 09:34:49 acc 20  rate 276 H/s
2026/07/28 09:34:57 acc 20  rate 287 H/s
2026/07/28 09:34:58 job 2bb82212
2026/07/28 09:35:05 acc 20  rate 312 H/s
2026/07/28 09:35:13 acc 20  rate 283 H/s
2026/07/28 09:35:18 job f52446f5
2026/07/28 09:35:21 acc 20  rate 260 H/s
2026/07/28 09:35:29 acc 20  rate 284 H/s
2026/07/28 09:35:37 acc 20  rate 277 H/s
2026/07/28 09:35:38 job 954b3a93
2026/07/28 09:35:45 acc 20  rate 267 H/s
2026/07/28 09:35:53 acc 20  rate 281 H/s
2026/07/28 09:35:59 job 70994156
2026/07/28 09:36:01 acc 20  rate 286 H/s
2026/07/28 09:36:09 acc 20  rate 297 H/s
2026/07/28 09:36:17 acc 20  rate 288 H/s
2026/07/28 09:36:19 job ea29333e
2026/07/28 09:36:25 acc 20  rate 289 H/s
2026/07/28 09:36:33 BLOCK FOUND by worker 0
2026/07/28 09:36:33   hash (LE): 82b734059539a529695e513caa9750745d2407b91ae9353de9aece6dbd0e0000
2026/07/28 09:36:33   hash (BE): 00000ebd6dceaee93d35e91ab907245d745097aa3c515e6929a539950534b782
2026/07/28 09:36:33   header: 01000000f486ceba7608afbbd0e26ead13d6ec415d854b86a2974b38c74c8a76610b00009d9e97ce0e1aace4670b6b5e08022b6c2bbb6ca4594d51ad129539376b269a8261b0686afcbd211ed40e0000
2026/07/28 09:36:33   nonce: 3796
2026/07/28 09:36:33 acc 21  rate 300 H/s
2026/07/28 09:36:34 job efbb2b9b
2026/07/28 09:36:38 job 13bfd0c3
2026/07/28 09:36:41 acc 21  rate 312 H/s
2026/07/28 09:36:49 acc 21  rate 257 H/s
2026/07/28 09:36:57 acc 21  rate 305 H/s
2026/07/28 09:36:58 job 1b959556
2026/07/28 09:37:05 acc 21  rate 294 H/s
2026/07/28 09:37:13 acc 21  rate 231 H/s
2026/07/28 09:37:19 job e58ed03c
2026/07/28 09:37:21 acc 21  rate 279 H/s
2026/07/28 09:37:29 acc 21  rate 294 H/s
2026/07/28 09:37:37 acc 21  rate 265 H/s
2026/07/28 09:37:39 job fc64199a
2026/07/28 09:37:45 acc 21  rate 267 H/s
2026/07/28 09:37:53 acc 21  rate 239 H/s
2026/07/28 09:37:59 job 0f64ca03
2026/07/28 09:38:01 acc 21  rate 306 H/s
2026/07/28 09:38:09 acc 21  rate 304 H/s
2026/07/28 09:38:17 acc 21  rate 304 H/s
2026/07/28 09:38:25 acc 21  rate 283 H/s
2026/07/28 09:38:33 acc 21  rate 292 H/s
2026/07/28 09:38:41 acc 21  rate 240 H/s
2026/07/28 09:38:49 acc 21  rate 224 H/s
2026/07/28 09:38:57 acc 21  rate 239 H/s
2026/07/28 09:39:05 acc 21  rate 239 H/s
2026/07/28 09:39:13 acc 21  rate 223 H/s
2026/07/28 09:39:21 acc 21  rate 240 H/s
2026/07/28 09:39:29 acc 21  rate 240 H/s
2026/07/28 09:39:37 acc 21  rate 239 H/s
2026/07/28 09:39:45 acc 21  rate 255 H/s
2026/07/28 09:39:53 acc 21  rate 234 H/s
2026/07/28 09:40:01 acc 21  rate 223 H/s
2026/07/28 09:40:09 acc 21  rate 248 H/s
2026/07/28 09:40:17 acc 21  rate 246 H/s
2026/07/28 09:40:25 acc 21  rate 254 H/s
2026/07/28 09:40:33 acc 21  rate 294 H/s
2026/07/28 09:40:41 acc 21  rate 289 H/s
2026/07/28 09:40:49 acc 21  rate 270 H/s
2026/07/28 09:40:57 acc 21  rate 320 H/s
2026/07/28 09:41:05 acc 21  rate 274 H/s
2026/07/28 09:41:13 acc 21  rate 295 H/s
2026/07/28 09:41:21 acc 21  rate 276 H/s
2026/07/28 09:41:29 acc 21  rate 278 H/s
2026/07/28 09:41:37 acc 21  rate 250 H/s
2026/07/28 09:41:45 acc 21  rate 300 H/s
2026/07/28 09:41:53 acc 22  rate 264 H/s
2026/07/28 09:42:01 acc 22  rate 266 H/s
2026/07/28 09:42:09 acc 22  rate 261 H/s
2026/07/28 09:42:17 acc 22  rate 273 H/s
2026/07/28 09:42:25 acc 22  rate 273 H/s
2026/07/28 09:42:33 acc 22  rate 288 H/s
2026/07/28 09:42:41 acc 22  rate 270 H/s
2026/07/28 09:42:49 acc 22  rate 273 H/s
2026/07/28 09:42:57 acc 22  rate 287 H/s
2026/07/28 09:43:05 acc 22  rate 279 H/s
2026/07/28 09:43:13 acc 22  rate 245 H/s
2026/07/28 09:43:19 job 009e6bdd
2026/07/28 09:43:21 acc 22  rate 310 H/s
2026/07/28 09:43:29 acc 22  rate 252 H/s
2026/07/28 09:43:37 acc 22  rate 279 H/s
2026/07/28 09:43:39 job 28b5d05f
2026/07/28 09:43:45 acc 22  rate 318 H/s
2026/07/28 09:43:53 acc 22  rate 302 H/s
2026/07/28 09:43:59 job 9f1a19d3
2026/07/28 09:44:01 acc 22  rate 253 H/s
2026/07/28 09:44:09 acc 22  rate 257 H/s
2026/07/28 09:44:17 acc 22  rate 302 H/s
2026/07/28 09:44:18 job 9429b084
2026/07/28 09:44:25 acc 22  rate 297 H/s
2026/07/28 09:44:33 acc 22  rate 287 H/s
2026/07/28 09:44:39 job 7d9ebf75
2026/07/28 09:44:41 acc 22  rate 279 H/s
2026/07/28 09:44:49 acc 22  rate 292 H/s
2026/07/28 09:44:57 acc 22  rate 320 H/s
2026/07/28 09:44:58 job 5916bcae
2026/07/28 09:45:05 acc 22  rate 281 H/s
2026/07/28 09:45:13 acc 22  rate 246 H/s
2026/07/28 09:45:19 job 99dc31bd
2026/07/28 09:45:21 acc 22  rate 262 H/s
2026/07/28 09:45:29 acc 22  rate 278 H/s
2026/07/28 09:45:37 acc 22  rate 279 H/s
2026/07/28 09:45:39 job 422e1d96
2026/07/28 09:45:45 acc 22  rate 302 H/s
2026/07/28 09:45:53 acc 22  rate 272 H/s
2026/07/28 09:45:59 job b91aedcd
2026/07/28 09:46:01 acc 22  rate 284 H/s
2026/07/28 09:46:09 acc 22  rate 287 H/s
2026/07/28 09:46:17 acc 22  rate 288 H/s
2026/07/28 09:46:19 job 15e15b39
2026/07/28 09:46:25 acc 22  rate 302 H/s
2026/07/28 09:46:33 acc 22  rate 271 H/s
2026/07/28 09:46:39 job 3e1f405e
2026/07/28 09:46:41 acc 22  rate 271 H/s
2026/07/28 09:46:49 acc 22  rate 257 H/s
2026/07/28 09:46:57 acc 22  rate 275 H/s
2026/07/28 09:46:59 job eab35dd4
2026/07/28 09:47:05 acc 22  rate 269 H/s
2026/07/28 09:47:13 acc 22  rate 260 H/s
2026/07/28 09:47:19 job 365d4b49
2026/07/28 09:47:21 acc 22  rate 263 H/s
2026/07/28 09:47:29 acc 22  rate 271 H/s
2026/07/28 09:47:37 acc 22  rate 274 H/s
2026/07/28 09:47:39 job 00d5ac17
2026/07/28 09:47:45 acc 22  rate 266 H/s
2026/07/28 09:47:53 acc 22  rate 249 H/s
2026/07/28 09:47:58 job dce30b87
2026/07/28 09:48:01 acc 22  rate 273 H/s
2026/07/28 09:48:09 acc 22  rate 321 H/s
2026/07/28 09:48:17 acc 22  rate 280 H/s
2026/07/28 09:48:19 job 28421572
2026/07/28 09:48:25 acc 22  rate 266 H/s
2026/07/28 09:48:33 acc 22  rate 270 H/s
2026/07/28 09:48:39 job a74f7d0b
2026/07/28 09:48:41 acc 22  rate 260 H/s
2026/07/28 09:48:49 acc 22  rate 255 H/s
2026/07/28 09:48:57 acc 22  rate 288 H/s
2026/07/28 09:48:59 job afa79ab7
2026/07/28 09:49:05 acc 22  rate 288 H/s
2026/07/28 09:49:13 acc 22  rate 277 H/s
2026/07/28 09:49:19 job f4275014
2026/07/28 09:49:21 acc 22  rate 294 H/s
2026/07/28 09:49:29 acc 22  rate 262 H/s
2026/07/28 09:49:36 BLOCK FOUND by worker 1
2026/07/28 09:49:36   hash (LE): f21618f50ba2bad120e4611c249efac277bc7d9bd51d6a45e9c8aa706a1b0000
2026/07/28 09:49:36   hash (BE): 00001b6a70aac8e9456a1dd59b7dbc77c2fa9e241c61e420d1baa20bf51816f2
2026/07/28 09:49:36   header: 0100000063107baea9522c646c610d96a8694b05011b8381518f2d4f116d30f5d0100000583542459a0e9671955165b625c5a285de339e89b2f84575bd5e22596bd5ae1870b3686ada88231e8d120000
2026/07/28 09:49:36   nonce: 4749
2026/07/28 09:49:37 acc 23  rate 264 H/s
2026/07/28 09:49:38 job 03a6a8c8
2026/07/28 09:49:39 job 57d7aa93
2026/07/28 09:49:45 acc 23  rate 274 H/s
2026/07/28 09:49:53 acc 23  rate 274 H/s
2026/07/28 09:49:58 job aaa59a2e
2026/07/28 09:50:01 acc 23  rate 269 H/s
2026/07/28 09:50:09 acc 23  rate 275 H/s
2026/07/28 09:50:17 acc 23  rate 279 H/s
2026/07/28 09:50:19 job 6d1cf63c
2026/07/28 09:50:25 acc 23  rate 293 H/s
2026/07/28 09:50:33 acc 23  rate 312 H/s
2026/07/28 09:50:39 job f9b0c002
2026/07/28 09:50:41 acc 23  rate 226 H/s
2026/07/28 09:50:49 acc 23  rate 254 H/s
2026/07/28 09:50:57 acc 23  rate 260 H/s
2026/07/28 09:50:59 job c121d908
2026/07/28 09:51:05 acc 23  rate 275 H/s
2026/07/28 09:51:13 acc 23  rate 272 H/s
2026/07/28 09:51:21 acc 23  rate 259 H/s
2026/07/28 09:51:29 acc 23  rate 287 H/s
2026/07/28 09:51:37 acc 23  rate 262 H/s
2026/07/28 09:51:45 acc 23  rate 299 H/s
2026/07/28 09:51:53 acc 23  rate 268 H/s
2026/07/28 09:52:01 acc 23  rate 236 H/s
2026/07/28 09:52:09 acc 23  rate 275 H/s
2026/07/28 09:52:17 acc 23  rate 284 H/s
2026/07/28 09:52:25 acc 23  rate 312 H/s
2026/07/28 09:52:33 acc 23  rate 289 H/s
2026/07/28 09:52:41 acc 23  rate 274 H/s
2026/07/28 09:52:49 acc 23  rate 285 H/s
2026/07/28 09:52:57 acc 23  rate 296 H/s
2026/07/28 09:53:05 acc 23  rate 267 H/s
2026/07/28 09:53:13 acc 23  rate 252 H/s
2026/07/28 09:53:21 acc 23  rate 244 H/s
2026/07/28 09:53:29 acc 23  rate 232 H/s
2026/07/28 09:53:37 acc 23  rate 242 H/s
2026/07/28 09:53:45 acc 23  rate 258 H/s
2026/07/28 09:53:53 acc 23  rate 322 H/s
2026/07/28 09:54:01 acc 23  rate 292 H/s
2026/07/28 09:54:09 acc 23  rate 271 H/s
2026/07/28 09:54:17 acc 23  rate 273 H/s
2026/07/28 09:54:25 acc 23  rate 262 H/s
2026/07/28 09:54:33 acc 23  rate 270 H/s
2026/07/28 09:54:41 acc 23  rate 294 H/s
2026/07/28 09:54:49 acc 23  rate 272 H/s
2026/07/28 09:54:57 acc 23  rate 305 H/s
2026/07/28 09:55:05 acc 23  rate 296 H/s
2026/07/28 09:55:13 acc 23  rate 303 H/s
2026/07/28 09:55:21 acc 23  rate 255 H/s
2026/07/28 09:55:29 acc 23  rate 305 H/s
2026/07/28 09:55:37 acc 23  rate 303 H/s
2026/07/28 09:55:45 acc 23  rate 313 H/s
2026/07/28 09:55:53 acc 23  rate 291 H/s
2026/07/28 09:56:01 acc 23  rate 232 H/s
2026/07/28 09:56:09 acc 23  rate 273 H/s
2026/07/28 09:56:17 acc 23  rate 279 H/s
2026/07/28 09:56:25 acc 23  rate 288 H/s
2026/07/28 09:56:33 acc 23  rate 304 H/s
2026/07/28 09:56:41 acc 23  rate 254 H/s
2026/07/28 09:56:49 acc 23  rate 277 H/s
2026/07/28 09:56:57 acc 23  rate 306 H/s
2026/07/28 09:57:05 acc 23  rate 271 H/s
2026/07/28 09:57:13 acc 23  rate 262 H/s
2026/07/28 09:57:21 acc 23  rate 303 H/s
2026/07/28 09:57:29 acc 23  rate 285 H/s
2026/07/28 09:57:37 acc 23  rate 276 H/s
2026/07/28 09:57:45 acc 23  rate 325 H/s
2026/07/28 09:57:53 acc 23  rate 306 H/s
2026/07/28 09:58:01 acc 23  rate 235 H/s
2026/07/28 09:58:09 acc 23  rate 289 H/s
2026/07/28 09:58:17 acc 23  rate 255 H/s
2026/07/28 09:58:25 acc 23  rate 280 H/s
2026/07/28 09:58:33 acc 23  rate 254 H/s
2026/07/28 09:58:41 acc 23  rate 267 H/s
2026/07/28 09:58:49 acc 23  rate 273 H/s
2026/07/28 09:58:57 acc 23  rate 297 H/s
2026/07/28 09:59:05 acc 24  rate 286 H/s
2026/07/28 09:59:13 acc 24  rate 304 H/s
2026/07/28 09:59:21 acc 24  rate 288 H/s
2026/07/28 09:59:29 acc 24  rate 277 H/s
2026/07/28 09:59:37 acc 24  rate 265 H/s
2026/07/28 09:59:45 acc 24  rate 305 H/s
2026/07/28 09:59:53 acc 24  rate 308 H/s
2026/07/28 10:00:01 acc 24  rate 284 H/s
2026/07/28 10:00:09 acc 24  rate 247 H/s
2026/07/28 10:00:17 acc 24  rate 263 H/s
2026/07/28 10:00:25 acc 24  rate 286 H/s
2026/07/28 10:00:33 acc 24  rate 277 H/s
2026/07/28 10:00:41 acc 24  rate 269 H/s
2026/07/28 10:00:49 acc 24  rate 307 H/s
2026/07/28 10:00:57 acc 24  rate 269 H/s
2026/07/28 10:01:05 acc 24  rate 317 H/s
2026/07/28 10:01:13 acc 24  rate 249 H/s
2026/07/28 10:01:21 acc 24  rate 242 H/s
2026/07/28 10:01:29 acc 24  rate 252 H/s
2026/07/28 10:01:37 acc 24  rate 244 H/s
2026/07/28 10:01:45 acc 24  rate 259 H/s
2026/07/28 10:01:53 acc 24  rate 233 H/s
2026/07/28 10:02:01 acc 24  rate 293 H/s
2026/07/28 10:02:09 acc 24  rate 247 H/s
2026/07/28 10:02:17 acc 24  rate 250 H/s
2026/07/28 10:02:25 acc 24  rate 271 H/s
2026/07/28 10:02:33 acc 24  rate 283 H/s
2026/07/28 10:02:41 acc 24  rate 271 H/s
2026/07/28 10:02:49 acc 24  rate 302 H/s
2026/07/28 10:02:57 acc 24  rate 277 H/s
2026/07/28 10:03:05 acc 24  rate 305 H/s
2026/07/28 10:03:13 acc 24  rate 264 H/s
2026/07/28 10:03:21 acc 24  rate 258 H/s
2026/07/28 10:03:29 acc 24  rate 265 H/s
2026/07/28 10:03:37 acc 25  rate 274 H/s
2026/07/28 10:03:45 acc 25  rate 274 H/s
2026/07/28 10:03:53 acc 25  rate 268 H/s
2026/07/28 10:04:01 acc 25  rate 276 H/s
2026/07/28 10:04:09 acc 25  rate 278 H/s
2026/07/28 10:04:17 acc 25  rate 300 H/s
2026/07/28 10:04:25 acc 25  rate 285 H/s
2026/07/28 10:04:33 acc 25  rate 279 H/s
2026/07/28 10:04:41 acc 25  rate 283 H/s
2026/07/28 10:04:49 acc 25  rate 238 H/s
2026/07/28 10:04:57 acc 25  rate 234 H/s
2026/07/28 10:05:05 acc 25  rate 299 H/s
2026/07/28 10:05:13 acc 25  rate 253 H/s
2026/07/28 10:05:21 acc 25  rate 295 H/s
2026/07/28 10:05:29 acc 25  rate 261 H/s
2026/07/28 10:05:37 acc 25  rate 297 H/s
2026/07/28 10:05:45 acc 25  rate 291 H/s
2026/07/28 10:05:53 acc 25  rate 266 H/s
2026/07/28 10:06:01 acc 25  rate 227 H/s
2026/07/28 10:06:09 acc 25  rate 245 H/s
2026/07/28 10:06:17 acc 25  rate 280 H/s
2026/07/28 10:06:25 acc 25  rate 277 H/s
2026/07/28 10:06:33 acc 25  rate 264 H/s
2026/07/28 10:06:41 acc 25  rate 316 H/s
2026/07/28 10:06:49 acc 25  rate 256 H/s
2026/07/28 10:06:57 acc 25  rate 281 H/s
2026/07/28 10:07:05 acc 25  rate 307 H/s
2026/07/28 10:07:13 acc 25  rate 278 H/s
2026/07/28 10:07:21 acc 25  rate 251 H/s
2026/07/28 10:07:29 acc 25  rate 286 H/s
2026/07/28 10:07:37 acc 25  rate 293 H/s
2026/07/28 10:07:45 acc 25  rate 292 H/s
2026/07/28 10:07:53 acc 25  rate 275 H/s
2026/07/28 10:08:01 acc 25  rate 310 H/s
2026/07/28 10:08:09 acc 25  rate 276 H/s
2026/07/28 10:08:17 acc 25  rate 259 H/s
2026/07/28 10:08:25 acc 25  rate 245 H/s
2026/07/28 10:08:30 BLOCK FOUND by worker 3
2026/07/28 10:08:30   hash (LE): 6731c2518d504310da1fc5b44d61c81b0e737090ee946a12e632bd45e4220000
2026/07/28 10:08:30   hash (BE): 000022e445bd32e6126a94ee9070730e1bc8614db4c51fda1043508d51c23167
2026/07/28 10:08:30   header: 01000000f21618f50ba2bad120e4611c249efac277bc7d9bd51d6a45e9c8aa706a1b0000e9a5227e13f15caee06b70534ec10524f82466b8d499ec1682d3d76d8bae916fdeb7686a180f231e7f6c0400
2026/07/28 10:08:30   nonce: 289919
2026/07/28 10:08:33 acc 26  rate 267 H/s
2026/07/28 10:08:41 acc 26  rate 280 H/s
2026/07/28 10:08:49 acc 26  rate 289 H/s
2026/07/28 10:08:57 acc 26  rate 279 H/s
2026/07/28 10:09:05 acc 26  rate 247 H/s
2026/07/28 10:09:13 acc 26  rate 231 H/s
2026/07/28 10:09:19 job 91f35efa
2026/07/28 10:09:21 acc 26  rate 280 H/s
2026/07/28 10:09:29 acc 26  rate 241 H/s
2026/07/28 10:09:37 acc 26  rate 269 H/s
2026/07/28 10:09:39 job 28500551
2026/07/28 10:09:45 acc 26  rate 277 H/s
2026/07/28 10:09:53 acc 26  rate 270 H/s
2026/07/28 10:09:59 job 9d54e8ee
2026/07/28 10:10:01 acc 26  rate 262 H/s
2026/07/28 10:10:09 acc 26  rate 295 H/s
2026/07/28 10:10:17 acc 26  rate 256 H/s
2026/07/28 10:10:19 job 57eba884
2026/07/28 10:10:25 acc 26  rate 258 H/s
2026/07/28 10:10:33 acc 26  rate 277 H/s
2026/07/28 10:10:39 job a0a6b3bb
2026/07/28 10:10:41 acc 26  rate 248 H/s
2026/07/28 10:10:49 acc 26  rate 283 H/s
2026/07/28 10:10:57 acc 26  rate 258 H/s
2026/07/28 10:10:59 job 7cf934a6
2026/07/28 10:11:05 acc 26  rate 281 H/s
2026/07/28 10:11:13 acc 26  rate 275 H/s
2026/07/28 10:11:19 job 0259f0a3
2026/07/28 10:11:21 acc 26  rate 273 H/s
2026/07/28 10:11:29 acc 26  rate 245 H/s
2026/07/28 10:11:37 acc 26  rate 294 H/s
2026/07/28 10:11:39 job ab914d05
2026/07/28 10:11:45 acc 26  rate 267 H/s
2026/07/28 10:11:53 acc 26  rate 280 H/s
2026/07/28 10:11:59 job 89fe866e
2026/07/28 10:12:01 acc 26  rate 285 H/s
2026/07/28 10:12:09 acc 26  rate 273 H/s
2026/07/28 10:12:17 acc 26  rate 272 H/s
2026/07/28 10:12:19 job 804f71d8
2026/07/28 10:12:25 acc 26  rate 279 H/s
2026/07/28 10:12:33 acc 26  rate 274 H/s
2026/07/28 10:12:39 job c66c7568
2026/07/28 10:12:41 acc 26  rate 279 H/s
2026/07/28 10:12:49 acc 26  rate 273 H/s
2026/07/28 10:12:57 acc 26  rate 242 H/s
2026/07/28 10:12:59 job 0d8d8b1b
2026/07/28 10:13:05 acc 26  rate 305 H/s
2026/07/28 10:13:13 acc 26  rate 265 H/s
2026/07/28 10:13:19 job f0bf233b
2026/07/28 10:13:21 acc 26  rate 262 H/s
2026/07/28 10:13:29 acc 26  rate 252 H/s
2026/07/28 10:13:37 acc 26  rate 252 H/s
2026/07/28 10:13:39 job 4a29edfe
2026/07/28 10:13:45 acc 26  rate 278 H/s
2026/07/28 10:13:53 acc 26  rate 275 H/s
2026/07/28 10:13:59 job fc0976b2
2026/07/28 10:14:01 acc 26  rate 284 H/s
2026/07/28 10:14:09 acc 26  rate 309 H/s
2026/07/28 10:14:17 acc 26  rate 271 H/s
2026/07/28 10:14:19 job dc3fdf63
2026/07/28 10:14:25 acc 26  rate 255 H/s
2026/07/28 10:14:33 acc 26  rate 274 H/s
2026/07/28 10:14:39 job d668cc1f
2026/07/28 10:14:41 acc 26  rate 289 H/s
2026/07/28 10:14:49 acc 26  rate 283 H/s
2026/07/28 10:14:57 acc 26  rate 262 H/s
2026/07/28 10:14:59 job d8e40214
2026/07/28 10:15:05 acc 26  rate 273 H/s
2026/07/28 10:15:13 acc 26  rate 238 H/s
2026/07/28 10:15:19 job d3b5fbea
2026/07/28 10:15:21 acc 26  rate 267 H/s
2026/07/28 10:15:29 acc 26  rate 288 H/s
2026/07/28 10:15:37 acc 26  rate 259 H/s
2026/07/28 10:15:39 job a38b918b
2026/07/28 10:15:45 acc 26  rate 293 H/s
2026/07/28 10:15:53 acc 26  rate 250 H/s
2026/07/28 10:15:59 job 1ee5cf3d
2026/07/28 10:16:01 acc 26  rate 291 H/s
2026/07/28 10:16:09 acc 26  rate 281 H/s
2026/07/28 10:16:17 acc 26  rate 238 H/s
2026/07/28 10:16:19 job d4f5edc0
2026/07/28 10:16:25 acc 26  rate 279 H/s
2026/07/28 10:16:33 acc 26  rate 309 H/s
2026/07/28 10:16:39 job 165fb509
2026/07/28 10:16:41 acc 26  rate 321 H/s
2026/07/28 10:16:49 acc 26  rate 282 H/s
2026/07/28 10:16:57 acc 26  rate 268 H/s
2026/07/28 10:16:59 job 7620daa8
2026/07/28 10:17:05 acc 26  rate 283 H/s
2026/07/28 10:17:13 acc 26  rate 278 H/s
2026/07/28 10:17:19 job 5ef92be6
2026/07/28 10:17:21 acc 26  rate 277 H/s
2026/07/28 10:17:29 acc 26  rate 267 H/s
2026/07/28 10:17:32 BLOCK FOUND by worker 3
2026/07/28 10:17:32   hash (LE): 95da15b4b971427a6868e9a8e434e067a9d37649a89afab34a2e943cfe1b0000
2026/07/28 10:17:32   hash (BE): 00001bfe3c942e4ab3fa9aa84976d3a967e034e4a8e968687a4271b9b415da95
2026/07/28 10:17:32   header: 010000002bc08ec42d44639e053f62d03b04cb7446e80f3487370453a348e1130b08000017c0319b3a6e15ccc1a06c3ceeeb9682acd8b6bb18e25853ffa9a100067bcf13fcb9686a449e211e7b0b0000
2026/07/28 10:17:32   nonce: 2939
2026/07/28 10:17:33 job ea8aa468
2026/07/28 10:17:37 acc 27  rate 284 H/s
2026/07/28 10:17:39 job f2632f62
2026/07/28 10:17:45 acc 27  rate 287 H/s
2026/07/28 10:17:53 acc 27  rate 291 H/s
2026/07/28 10:17:59 job 7952cd34
2026/07/28 10:18:01 acc 27  rate 271 H/s
2026/07/28 10:18:09 acc 27  rate 272 H/s
2026/07/28 10:18:17 acc 27  rate 296 H/s
2026/07/28 10:18:19 job d98a74e0
2026/07/28 10:18:25 acc 27  rate 263 H/s
2026/07/28 10:18:33 acc 27  rate 277 H/s
2026/07/28 10:18:39 job ec989154
2026/07/28 10:18:41 acc 27  rate 290 H/s
2026/07/28 10:18:49 acc 27  rate 291 H/s
2026/07/28 10:18:57 acc 27  rate 293 H/s
2026/07/28 10:18:59 job cb48ddda
2026/07/28 10:19:05 acc 27  rate 267 H/s
2026/07/28 10:19:13 acc 27  rate 283 H/s
2026/07/28 10:19:21 acc 27  rate 253 H/s
2026/07/28 10:19:29 acc 27  rate 282 H/s
2026/07/28 10:19:37 acc 27  rate 293 H/s
2026/07/28 10:19:45 acc 27  rate 249 H/s
2026/07/28 10:19:53 acc 27  rate 295 H/s
2026/07/28 10:19:59 job 031c1afa
2026/07/28 10:20:01 acc 27  rate 270 H/s
2026/07/28 10:20:09 acc 27  rate 263 H/s
2026/07/28 10:20:17 acc 27  rate 251 H/s
2026/07/28 10:20:20 job 64a09902
2026/07/28 10:20:25 acc 27  rate 309 H/s
2026/07/28 10:20:33 acc 27  rate 289 H/s
2026/07/28 10:20:39 job a09431b6
2026/07/28 10:20:41 acc 27  rate 285 H/s
2026/07/28 10:20:49 acc 27  rate 294 H/s
2026/07/28 10:20:57 acc 27  rate 300 H/s
2026/07/28 10:20:59 job 2290c821
2026/07/28 10:21:05 acc 27  rate 294 H/s
2026/07/28 10:21:13 acc 27  rate 268 H/s
2026/07/28 10:21:19 job d4474822
2026/07/28 10:21:21 acc 27  rate 261 H/s
2026/07/28 10:21:29 acc 27  rate 286 H/s
2026/07/28 10:21:37 acc 27  rate 256 H/s
2026/07/28 10:21:39 job 483b1f8a
2026/07/28 10:21:45 acc 27  rate 295 H/s
2026/07/28 10:21:53 acc 27  rate 291 H/s
2026/07/28 10:22:00 job 477fd7c2
2026/07/28 10:22:01 acc 27  rate 297 H/s
2026/07/28 10:22:09 acc 27  rate 270 H/s
2026/07/28 10:22:17 acc 27  rate 295 H/s
2026/07/28 10:22:19 job f6d69d27
2026/07/28 10:22:25 acc 27  rate 283 H/s
2026/07/28 10:22:33 acc 27  rate 284 H/s
2026/07/28 10:22:39 job f29a153e
2026/07/28 10:22:41 acc 27  rate 265 H/s
2026/07/28 10:22:49 acc 28  rate 252 H/s
2026/07/28 10:22:57 acc 28  rate 278 H/s
2026/07/28 10:22:59 job 40d008b7
2026/07/28 10:23:05 acc 28  rate 312 H/s
2026/07/28 10:23:13 acc 28  rate 260 H/s
2026/07/28 10:23:19 job 79713842
2026/07/28 10:23:21 acc 28  rate 283 H/s
2026/07/28 10:23:29 acc 28  rate 280 H/s
2026/07/28 10:23:37 acc 28  rate 286 H/s
2026/07/28 10:23:39 job fdf704a9
2026/07/28 10:23:45 acc 28  rate 290 H/s
2026/07/28 10:23:53 acc 28  rate 272 H/s
2026/07/28 10:23:59 job a48486a7
2026/07/28 10:24:01 acc 28  rate 252 H/s
2026/07/28 10:24:08 job a0365745
2026/07/28 10:24:09 acc 28  rate 292 H/s
2026/07/28 10:24:17 acc 28  rate 299 H/s
2026/07/28 10:24:19 job 902f0849
2026/07/28 10:24:25 acc 28  rate 307 H/s
2026/07/28 10:24:33 acc 28  rate 271 H/s
2026/07/28 10:24:39 job 345be510
2026/07/28 10:24:41 acc 28  rate 301 H/s
2026/07/28 10:24:49 acc 28  rate 295 H/s
2026/07/28 10:24:57 acc 28  rate 253 H/s
2026/07/28 10:24:59 job 93abc4e8
2026/07/28 10:25:05 acc 28  rate 314 H/s
2026/07/28 10:25:13 acc 28  rate 285 H/s
2026/07/28 10:25:19 job 853a5b21
2026/07/28 10:25:21 acc 28  rate 286 H/s
2026/07/28 10:25:29 acc 28  rate 291 H/s
2026/07/28 10:25:37 acc 28  rate 291 H/s
2026/07/28 10:25:45 acc 28  rate 306 H/s
2026/07/28 10:25:53 acc 28  rate 279 H/s
2026/07/28 10:26:01 acc 28  rate 288 H/s
2026/07/28 10:26:09 acc 28  rate 290 H/s
2026/07/28 10:26:17 acc 28  rate 259 H/s
2026/07/28 10:26:25 acc 28  rate 260 H/s
2026/07/28 10:26:33 acc 28  rate 240 H/s
2026/07/28 10:26:41 acc 28  rate 295 H/s
2026/07/28 10:26:49 acc 28  rate 294 H/s
2026/07/28 10:26:57 acc 28  rate 286 H/s
2026/07/28 10:27:05 acc 28  rate 295 H/s
2026/07/28 10:27:13 acc 28  rate 259 H/s
2026/07/28 10:27:21 acc 28  rate 284 H/s
2026/07/28 10:27:29 acc 28  rate 256 H/s
2026/07/28 10:27:37 acc 28  rate 266 H/s
2026/07/28 10:27:45 acc 28  rate 296 H/s
2026/07/28 10:27:53 acc 28  rate 267 H/s
2026/07/28 10:28:01 acc 28  rate 282 H/s
2026/07/28 10:28:09 acc 28  rate 281 H/s
2026/07/28 10:28:17 acc 28  rate 300 H/s
2026/07/28 10:28:25 acc 28  rate 289 H/s
2026/07/28 10:28:33 acc 28  rate 265 H/s
2026/07/28 10:28:41 acc 28  rate 243 H/s
2026/07/28 10:28:49 acc 28  rate 307 H/s
2026/07/28 10:28:57 acc 28  rate 304 H/s
2026/07/28 10:29:05 acc 28  rate 268 H/s
2026/07/28 10:29:13 acc 28  rate 277 H/s
2026/07/28 10:29:21 acc 28  rate 284 H/s
2026/07/28 10:29:29 acc 28  rate 274 H/s
2026/07/28 10:29:37 acc 28  rate 297 H/s
2026/07/28 10:29:45 acc 28  rate 251 H/s
2026/07/28 10:29:53 acc 28  rate 261 H/s
2026/07/28 10:30:01 acc 28  rate 296 H/s
2026/07/28 10:30:09 acc 28  rate 282 H/s
2026/07/28 10:30:17 acc 28  rate 264 H/s
2026/07/28 10:30:25 acc 28  rate 269 H/s
2026/07/28 10:30:33 acc 28  rate 294 H/s
2026/07/28 10:30:41 acc 28  rate 282 H/s
2026/07/28 10:30:49 acc 28  rate 279 H/s
2026/07/28 10:30:57 acc 28  rate 296 H/s
2026/07/28 10:31:05 acc 28  rate 297 H/s
2026/07/28 10:31:13 acc 28  rate 287 H/s
2026/07/28 10:31:21 acc 28  rate 285 H/s
2026/07/28 10:31:29 acc 28  rate 271 H/s
2026/07/28 10:31:37 acc 28  rate 275 H/s
2026/07/28 10:31:45 acc 28  rate 254 H/s
2026/07/28 10:31:53 acc 28  rate 259 H/s
2026/07/28 10:32:01 acc 28  rate 316 H/s
2026/07/28 10:32:09 acc 28  rate 308 H/s
2026/07/28 10:32:17 acc 28  rate 295 H/s
2026/07/28 10:32:25 acc 28  rate 275 H/s
2026/07/28 10:32:33 acc 28  rate 285 H/s
2026/07/28 10:32:41 acc 28  rate 272 H/s
2026/07/28 10:32:49 acc 28  rate 269 H/s
2026/07/28 10:32:57 acc 28  rate 281 H/s
2026/07/28 10:33:05 acc 28  rate 276 H/s
2026/07/28 10:33:13 acc 28  rate 276 H/s
2026/07/28 10:33:21 acc 28  rate 268 H/s
2026/07/28 10:33:29 acc 28  rate 271 H/s
2026/07/28 10:33:37 acc 28  rate 291 H/s
2026/07/28 10:33:45 acc 28  rate 266 H/s
2026/07/28 10:33:53 acc 28  rate 272 H/s
2026/07/28 10:34:01 acc 28  rate 257 H/s
2026/07/28 10:34:09 acc 28  rate 251 H/s
2026/07/28 10:34:17 acc 28  rate 280 H/s
2026/07/28 10:34:25 acc 28  rate 262 H/s
2026/07/28 10:34:33 acc 28  rate 245 H/s
2026/07/28 10:34:41 acc 29  rate 273 H/s
2026/07/28 10:34:49 acc 29  rate 262 H/s
2026/07/28 10:34:57 acc 29  rate 272 H/s
2026/07/28 10:35:05 acc 29  rate 298 H/s
2026/07/28 10:35:13 acc 29  rate 252 H/s
2026/07/28 10:35:21 acc 29  rate 264 H/s
2026/07/28 10:35:29 acc 29  rate 264 H/s
2026/07/28 10:35:37 acc 29  rate 288 H/s
2026/07/28 10:35:45 acc 29  rate 282 H/s
2026/07/28 10:35:53 acc 29  rate 265 H/s
2026/07/28 10:36:01 acc 29  rate 250 H/s
2026/07/28 10:36:09 acc 29  rate 259 H/s
2026/07/28 10:36:17 acc 29  rate 287 H/s
2026/07/28 10:36:25 acc 29  rate 290 H/s
2026/07/28 10:36:33 acc 29  rate 308 H/s
2026/07/28 10:36:41 acc 29  rate 283 H/s
2026/07/28 10:36:49 acc 29  rate 287 H/s
2026/07/28 10:36:57 acc 29  rate 257 H/s
2026/07/28 10:37:05 acc 29  rate 272 H/s
2026/07/28 10:37:13 acc 29  rate 272 H/s
2026/07/28 10:37:21 acc 29  rate 251 H/s
2026/07/28 10:37:29 acc 29  rate 257 H/s
2026/07/28 10:37:37 acc 29  rate 289 H/s
2026/07/28 10:37:45 acc 29  rate 300 H/s
2026/07/28 10:37:53 acc 30  rate 280 H/s
2026/07/28 10:38:01 acc 30  rate 295 H/s
2026/07/28 10:38:09 acc 30  rate 288 H/s
2026/07/28 10:38:17 acc 30  rate 259 H/s
2026/07/28 10:38:25 acc 30  rate 271 H/s
2026/07/28 10:38:33 acc 30  rate 247 H/s
2026/07/28 10:38:41 acc 30  rate 265 H/s
2026/07/28 10:38:49 acc 30  rate 254 H/s
2026/07/28 10:38:57 acc 30  rate 282 H/s
2026/07/28 10:39:05 acc 30  rate 248 H/s
2026/07/28 10:39:13 acc 30  rate 233 H/s
2026/07/28 10:39:21 acc 30  rate 261 H/s
2026/07/28 10:39:29 acc 30  rate 261 H/s
2026/07/28 10:39:37 acc 30  rate 265 H/s
2026/07/28 10:39:45 acc 30  rate 256 H/s
2026/07/28 10:39:53 acc 30  rate 247 H/s
2026/07/28 10:40:01 acc 30  rate 294 H/s
2026/07/28 10:40:09 acc 30  rate 277 H/s
2026/07/28 10:40:17 acc 30  rate 282 H/s
2026/07/28 10:40:25 acc 30  rate 272 H/s
2026/07/28 10:40:33 acc 30  rate 270 H/s
2026/07/28 10:40:41 acc 30  rate 270 H/s
2026/07/28 10:40:49 acc 31  rate 255 H/s
2026/07/28 10:40:57 acc 31  rate 270 H/s
2026/07/28 10:41:05 acc 31  rate 276 H/s
2026/07/28 10:41:13 acc 31  rate 268 H/s
2026/07/28 10:41:21 acc 31  rate 305 H/s
2026/07/28 10:41:29 acc 31  rate 257 H/s
2026/07/28 10:41:37 acc 31  rate 305 H/s
2026/07/28 10:41:45 acc 31  rate 310 H/s
2026/07/28 10:41:53 acc 31  rate 289 H/s
2026/07/28 10:42:01 acc 31  rate 248 H/s
2026/07/28 10:42:09 acc 31  rate 277 H/s
2026/07/28 10:42:17 acc 31  rate 275 H/s
2026/07/28 10:42:24 BLOCK FOUND by worker 1
2026/07/28 10:42:24   hash (LE): a6062a42ee67da877af0c0478d89a98c4eae1f4718f9ac9fcd6dc2c734000000
2026/07/28 10:42:24   hash (BE): 00000034c7c26dcd9facf918471fae4e8ca9898d47c0f07a87da67ee422a06a6
2026/07/28 10:42:24   header: 01000000ab0347474ac309c9f5a58ffc06632fdcc20f25df4ae11c2a6a4d3b6db3150000589c9b25fa0ebbc3d68d620b9ab47c8fdb3a354e59e357599af45d4ca25dc44dd0bf686a68bc221ea94b0400
2026/07/28 10:42:24   nonce: 281513
2026/07/28 10:42:25 acc 32  rate 261 H/s
2026/07/28 10:42:33 acc 32  rate 265 H/s
2026/07/28 10:42:41 acc 32  rate 282 H/s
2026/07/28 10:42:49 acc 32  rate 298 H/s
2026/07/28 10:42:57 acc 32  rate 316 H/s
2026/07/28 10:43:05 acc 32  rate 255 H/s
2026/07/28 10:43:13 acc 32  rate 244 H/s
2026/07/28 10:43:21 acc 32  rate 287 H/s
2026/07/28 10:43:29 acc 32  rate 286 H/s
2026/07/28 10:43:37 acc 32  rate 284 H/s
2026/07/28 10:43:45 acc 32  rate 312 H/s
2026/07/28 10:43:53 acc 32  rate 272 H/s
2026/07/28 10:44:01 acc 32  rate 286 H/s
2026/07/28 10:44:09 acc 32  rate 253 H/s
2026/07/28 10:44:17 acc 32  rate 261 H/s
2026/07/28 10:44:25 acc 32  rate 295 H/s
2026/07/28 10:44:33 acc 32  rate 281 H/s
2026/07/28 10:44:41 acc 32  rate 298 H/s
2026/07/28 10:44:49 acc 32  rate 332 H/s
2026/07/28 10:44:57 acc 32  rate 301 H/s
2026/07/28 10:45:00 job 21e27bc7
2026/07/28 10:45:05 acc 32  rate 299 H/s
2026/07/28 10:45:13 acc 32  rate 258 H/s
2026/07/28 10:45:20 job 697ea2a4
2026/07/28 10:45:21 acc 32  rate 274 H/s
2026/07/28 10:45:29 acc 32  rate 266 H/s
2026/07/28 10:45:37 acc 32  rate 267 H/s
2026/07/28 10:45:40 job c6b61c93
2026/07/28 10:45:45 acc 32  rate 298 H/s
2026/07/28 10:45:53 acc 32  rate 296 H/s
2026/07/28 10:46:00 job 4f58f833
2026/07/28 10:46:01 acc 32  rate 289 H/s
2026/07/28 10:46:09 acc 32  rate 320 H/s
2026/07/28 10:46:17 acc 32  rate 296 H/s
2026/07/28 10:46:20 job c1faa8af
2026/07/28 10:46:25 acc 33  rate 251 H/s
2026/07/28 10:46:33 acc 34  rate 311 H/s
2026/07/28 10:46:39 job 46d848e5
2026/07/28 10:46:41 acc 34  rate 267 H/s
2026/07/28 10:46:49 acc 34  rate 277 H/s
2026/07/28 10:46:57 acc 34  rate 309 H/s
2026/07/28 10:47:00 job 58a3007b
2026/07/28 10:47:05 acc 34  rate 268 H/s
2026/07/28 10:47:13 acc 34  rate 280 H/s
2026/07/28 10:47:20 job 278db2d6
2026/07/28 10:47:21 acc 34  rate 285 H/s
2026/07/28 10:47:29 acc 34  rate 297 H/s
2026/07/28 10:47:37 acc 34  rate 300 H/s
2026/07/28 10:47:40 job 30cb33fb
2026/07/28 10:47:45 acc 34  rate 255 H/s
2026/07/28 10:47:53 acc 34  rate 273 H/s
2026/07/28 10:48:00 job fedb857f
2026/07/28 10:48:01 acc 34  rate 264 H/s
2026/07/28 10:48:09 acc 34  rate 278 H/s
2026/07/28 10:48:17 acc 34  rate 277 H/s
2026/07/28 10:48:20 job f990af3b
2026/07/28 10:48:25 acc 34  rate 255 H/s
2026/07/28 10:48:33 acc 34  rate 273 H/s
2026/07/28 10:48:40 job d5ff061d
2026/07/28 10:48:41 acc 34  rate 290 H/s
2026/07/28 10:48:49 acc 34  rate 308 H/s
2026/07/28 10:48:57 acc 35  rate 275 H/s
2026/07/28 10:49:00 job f48b9f5d
2026/07/28 10:49:05 acc 35  rate 297 H/s
2026/07/28 10:49:13 acc 35  rate 278 H/s
2026/07/28 10:49:20 job 3b260d2b
2026/07/28 10:49:21 acc 35  rate 294 H/s
2026/07/28 10:49:29 acc 35  rate 265 H/s
2026/07/28 10:49:37 acc 35  rate 276 H/s
2026/07/28 10:49:40 job 9963a045
2026/07/28 10:49:45 acc 35  rate 272 H/s
2026/07/28 10:49:53 acc 35  rate 288 H/s
2026/07/28 10:50:00 job e851818f
2026/07/28 10:50:01 acc 35  rate 287 H/s
2026/07/28 10:50:09 acc 35  rate 281 H/s
2026/07/28 10:50:17 acc 35  rate 266 H/s
2026/07/28 10:50:20 job 96d830f6
2026/07/28 10:50:25 acc 35  rate 294 H/s
2026/07/28 10:50:33 acc 35  rate 271 H/s
2026/07/28 10:50:39 job 83c77a39
2026/07/28 10:50:41 acc 35  rate 239 H/s
2026/07/28 10:50:49 acc 35  rate 286 H/s
2026/07/28 10:50:57 acc 35  rate 296 H/s
2026/07/28 10:51:00 job c9a8a27e
2026/07/28 10:51:05 acc 35  rate 308 H/s
2026/07/28 10:51:13 acc 35  rate 274 H/s
2026/07/28 10:51:20 job ebb880f4
2026/07/28 10:51:21 acc 35  rate 265 H/s
2026/07/28 10:51:29 acc 35  rate 234 H/s
2026/07/28 10:51:37 acc 35  rate 269 H/s
2026/07/28 10:51:40 job 8a2bb9b8
2026/07/28 10:51:45 acc 35  rate 265 H/s
2026/07/28 10:51:53 acc 35  rate 283 H/s
2026/07/28 10:52:00 job 1d0d3f4b
2026/07/28 10:52:01 acc 35  rate 301 H/s
2026/07/28 10:52:09 acc 35  rate 270 H/s
2026/07/28 10:52:17 acc 35  rate 297 H/s
2026/07/28 10:52:20 job e24858f8
2026/07/28 10:52:25 acc 35  rate 284 H/s
2026/07/28 10:52:33 acc 35  rate 281 H/s
2026/07/28 10:52:40 job 441bb143
2026/07/28 10:52:41 acc 35  rate 287 H/s
2026/07/28 10:52:49 acc 35  rate 252 H/s
2026/07/28 10:52:57 acc 35  rate 326 H/s
2026/07/28 10:53:00 job 33de9df4
2026/07/28 10:53:05 acc 35  rate 243 H/s
2026/07/28 10:53:13 acc 35  rate 255 H/s
2026/07/28 10:53:20 job 9231b06b
2026/07/28 10:53:21 acc 35  rate 298 H/s
2026/07/28 10:53:29 acc 35  rate 257 H/s
2026/07/28 10:53:37 acc 35  rate 266 H/s
2026/07/28 10:53:40 job be3dcfc3
2026/07/28 10:53:45 acc 35  rate 243 H/s
2026/07/28 10:53:53 acc 35  rate 292 H/s
2026/07/28 10:54:00 job 736a8d9f
2026/07/28 10:54:01 acc 35  rate 328 H/s
2026/07/28 10:54:09 acc 35  rate 286 H/s
2026/07/28 10:54:17 acc 35  rate 317 H/s
2026/07/28 10:54:20 job 6e2fe955
2026/07/28 10:54:25 acc 35  rate 277 H/s
2026/07/28 10:54:33 acc 35  rate 288 H/s
2026/07/28 10:54:40 job d7cfc4de
2026/07/28 10:54:41 acc 35  rate 269 H/s
2026/07/28 10:54:49 acc 35  rate 245 H/s
2026/07/28 10:54:57 acc 35  rate 304 H/s
2026/07/28 10:55:00 job 3864a2af
2026/07/28 10:55:05 acc 35  rate 317 H/s
2026/07/28 10:55:13 acc 35  rate 279 H/s
2026/07/28 10:55:20 job 53d19dfd
2026/07/28 10:55:21 acc 35  rate 315 H/s
2026/07/28 10:55:29 acc 35  rate 297 H/s
2026/07/28 10:55:37 acc 35  rate 261 H/s
2026/07/28 10:55:40 job edffcbe0
2026/07/28 10:55:45 acc 35  rate 233 H/s
2026/07/28 10:55:53 acc 35  rate 256 H/s
2026/07/28 10:56:00 job 1b484b57
2026/07/28 10:56:01 acc 35  rate 297 H/s
2026/07/28 10:56:09 acc 35  rate 293 H/s
2026/07/28 10:56:17 acc 35  rate 266 H/s
2026/07/28 10:56:20 job ee8bc24a
2026/07/28 10:56:25 acc 35  rate 260 H/s
2026/07/28 10:56:33 acc 35  rate 287 H/s
2026/07/28 10:56:40 job 61cd9ce8
2026/07/28 10:56:41 acc 35  rate 274 H/s
2026/07/28 10:56:49 acc 35  rate 267 H/s
2026/07/28 10:56:57 acc 35  rate 276 H/s
2026/07/28 10:57:00 job 33c73d9c
2026/07/28 10:57:05 acc 35  rate 295 H/s
2026/07/28 10:57:13 acc 35  rate 302 H/s
2026/07/28 10:57:20 job 26777679
2026/07/28 10:57:21 acc 35  rate 309 H/s
2026/07/28 10:57:29 acc 35  rate 291 H/s
2026/07/28 10:57:37 acc 35  rate 292 H/s
2026/07/28 10:57:40 job 9eaaa7f6
2026/07/28 10:57:45 acc 35  rate 283 H/s
2026/07/28 10:57:53 acc 35  rate 256 H/s
2026/07/28 10:58:00 job be911eab
2026/07/28 10:58:01 acc 35  rate 250 H/s
2026/07/28 10:58:09 acc 35  rate 256 H/s
2026/07/28 10:58:17 acc 35  rate 295 H/s
2026/07/28 10:58:20 job 67528040
2026/07/28 10:58:25 acc 35  rate 276 H/s
2026/07/28 10:58:33 acc 35  rate 285 H/s
2026/07/28 10:58:40 job 92e3fc67
2026/07/28 10:58:41 acc 35  rate 283 H/s
2026/07/28 10:58:49 acc 35  rate 296 H/s
2026/07/28 10:58:57 acc 35  rate 295 H/s
2026/07/28 10:59:00 job 15b27302
2026/07/28 10:59:05 acc 35  rate 255 H/s
2026/07/28 10:59:13 acc 35  rate 271 H/s
2026/07/28 10:59:20 job 3cf7b531
2026/07/28 10:59:21 acc 35  rate 272 H/s
2026/07/28 10:59:29 acc 35  rate 278 H/s
2026/07/28 10:59:37 acc 35  rate 301 H/s
2026/07/28 10:59:40 job 00a45625
2026/07/28 10:59:45 acc 35  rate 307 H/s
2026/07/28 10:59:53 acc 35  rate 298 H/s
2026/07/28 11:00:00 job 90ec2c83
2026/07/28 11:00:01 acc 36  rate 259 H/s
2026/07/28 11:00:09 acc 36  rate 271 H/s
2026/07/28 11:00:17 acc 36  rate 263 H/s
2026/07/28 11:00:20 job dad0e17d
2026/07/28 11:00:25 acc 36  rate 313 H/s
2026/07/28 11:00:33 acc 36  rate 268 H/s
2026/07/28 11:00:40 job feffb493
2026/07/28 11:00:41 acc 36  rate 270 H/s
2026/07/28 11:00:49 acc 36  rate 275 H/s
2026/07/28 11:00:57 acc 36  rate 276 H/s
2026/07/28 11:01:00 job 3917dc9d
2026/07/28 11:01:05 acc 36  rate 323 H/s
2026/07/28 11:01:13 acc 36  rate 268 H/s
2026/07/28 11:01:20 job 06388c19
2026/07/28 11:01:21 acc 36  rate 289 H/s
2026/07/28 11:01:29 acc 36  rate 284 H/s
2026/07/28 11:01:37 acc 36  rate 299 H/s
2026/07/28 11:01:40 job 5c3cf5b8
2026/07/28 11:01:45 acc 36  rate 291 H/s
2026/07/28 11:01:53 acc 36  rate 302 H/s
2026/07/28 11:02:00 job 340c8796
2026/07/28 11:02:01 acc 36  rate 267 H/s
2026/07/28 11:02:09 acc 36  rate 366 H/s
2026/07/28 11:02:17 acc 36  rate 467 H/s
2026/07/28 11:02:20 job 77a86288
2026/07/28 11:02:25 acc 36  rate 427 H/s
2026/07/28 11:02:33 acc 36  rate 473 H/s
2026/07/28 11:02:40 job 25676110
2026/07/28 11:02:41 acc 36  rate 455 H/s
2026/07/28 11:02:49 acc 36  rate 456 H/s
2026/07/28 11:02:57 acc 36  rate 459 H/s
2026/07/28 11:03:00 job b1314450
2026/07/28 11:03:05 acc 36  rate 491 H/s
2026/07/28 11:03:13 acc 36  rate 392 H/s
2026/07/28 11:03:20 job 9a5a7c2c
2026/07/28 11:03:21 acc 36  rate 451 H/s
2026/07/28 11:03:29 acc 36  rate 426 H/s
2026/07/28 11:03:37 acc 36  rate 433 H/s
2026/07/28 11:03:40 job d31b6ae7
2026/07/28 11:03:45 acc 36  rate 468 H/s
2026/07/28 11:03:53 acc 36  rate 415 H/s
2026/07/28 11:04:00 job dcc4ee44
2026/07/28 11:04:01 acc 36  rate 454 H/s
2026/07/28 11:04:09 acc 36  rate 454 H/s
2026/07/28 11:04:17 acc 36  rate 468 H/s
2026/07/28 11:04:20 job d18805f5
2026/07/28 11:04:25 acc 36  rate 400 H/s
2026/07/28 11:04:33 acc 36  rate 438 H/s
2026/07/28 11:04:40 job 898c376f
2026/07/28 11:04:41 acc 36  rate 432 H/s
2026/07/28 11:04:49 acc 36  rate 428 H/s
2026/07/28 11:04:57 acc 36  rate 427 H/s
2026/07/28 11:05:00 job b6db122d
2026/07/28 11:05:05 acc 36  rate 413 H/s
2026/07/28 11:05:13 acc 36  rate 394 H/s
2026/07/28 11:05:20 job 9928686c
2026/07/28 11:05:21 acc 36  rate 458 H/s
2026/07/28 11:05:29 acc 36  rate 416 H/s
2026/07/28 11:05:37 acc 36  rate 452 H/s
2026/07/28 11:05:40 job f481bd33
2026/07/28 11:05:45 acc 36  rate 473 H/s
2026/07/28 11:05:53 acc 36  rate 481 H/s
2026/07/28 11:06:00 job 0b8b8727
2026/07/28 11:06:01 acc 36  rate 441 H/s
2026/07/28 11:06:09 acc 36  rate 482 H/s
2026/07/28 11:06:17 acc 36  rate 438 H/s
2026/07/28 11:06:20 job 952820af
2026/07/28 11:06:25 acc 36  rate 464 H/s
2026/07/28 11:06:33 acc 36  rate 448 H/s
2026/07/28 11:06:40 job b187457e
2026/07/28 11:06:41 acc 36  rate 447 H/s
2026/07/28 11:06:49 acc 36  rate 450 H/s
2026/07/28 11:06:57 acc 36  rate 456 H/s
2026/07/28 11:07:00 job b4d1381d
2026/07/28 11:07:05 acc 36  rate 456 H/s
2026/07/28 11:07:13 acc 36  rate 452 H/s
2026/07/28 11:07:20 job 1c15f9a4
2026/07/28 11:07:21 acc 36  rate 465 H/s
2026/07/28 11:07:29 acc 36  rate 443 H/s
2026/07/28 11:07:37 acc 36  rate 456 H/s
2026/07/28 11:07:40 job 570bb379
2026/07/28 11:07:45 acc 36  rate 498 H/s
2026/07/28 11:07:53 acc 36  rate 453 H/s
2026/07/28 11:08:00 job 789ba45f
2026/07/28 11:08:01 acc 36  rate 477 H/s
2026/07/28 11:08:09 acc 36  rate 437 H/s
2026/07/28 11:08:17 acc 36  rate 455 H/s
2026/07/28 11:08:20 job 6eb3622a
2026/07/28 11:08:25 acc 36  rate 476 H/s
2026/07/28 11:08:33 acc 36  rate 460 H/s
2026/07/28 11:08:40 job cc9bfb2f
2026/07/28 11:08:41 acc 36  rate 451 H/s
2026/07/28 11:08:49 acc 36  rate 466 H/s
2026/07/28 11:08:57 acc 36  rate 473 H/s
2026/07/28 11:09:00 job 59312ce2
2026/07/28 11:09:05 acc 36  rate 441 H/s
2026/07/28 11:09:13 acc 36  rate 414 H/s
2026/07/28 11:09:20 job 585ebe5c
2026/07/28 11:09:21 acc 36  rate 426 H/s
2026/07/28 11:09:29 acc 36  rate 461 H/s
2026/07/28 11:09:37 acc 36  rate 482 H/s
2026/07/28 11:09:40 job b27ffdd3
2026/07/28 11:09:45 acc 36  rate 473 H/s
2026/07/28 11:09:53 acc 36  rate 459 H/s
2026/07/28 11:10:00 job 5b742915
2026/07/28 11:10:01 acc 36  rate 488 H/s
2026/07/28 11:10:09 acc 36  rate 408 H/s
2026/07/28 11:10:17 acc 36  rate 439 H/s
2026/07/28 11:10:20 job afd305b8
2026/07/28 11:10:25 acc 36  rate 453 H/s
2026/07/28 11:10:33 acc 36  rate 462 H/s
2026/07/28 11:10:40 job 68c0ea31
2026/07/28 11:10:41 acc 36  rate 460 H/s
2026/07/28 11:10:49 acc 36  rate 493 H/s
2026/07/28 11:10:57 acc 36  rate 433 H/s
2026/07/28 11:11:00 job 08424d9d
2026/07/28 11:11:05 acc 36  rate 418 H/s
2026/07/28 11:11:13 acc 36  rate 462 H/s
2026/07/28 11:11:20 job 2bfb33dc
2026/07/28 11:11:21 acc 36  rate 474 H/s
2026/07/28 11:11:29 acc 36  rate 522 H/s
2026/07/28 11:11:37 acc 36  rate 468 H/s
2026/07/28 11:11:40 job 1415de70
2026/07/28 11:11:45 acc 36  rate 456 H/s
2026/07/28 11:11:53 acc 37  rate 448 H/s
2026/07/28 11:11:59 BLOCK FOUND by worker 2
2026/07/28 11:11:59   hash (LE): b7c323993eb9c7c83da7f51251593a9fa1c7b067cbbe3786363aadb5d8070000
2026/07/28 11:11:59   hash (BE): 000007d8b5ad3a368637becb67b0c7a19f3a595112f5a73dc8c7b93e9923c3b7
2026/07/28 11:11:59   header: 01000000d2725456f8372ceadff27f8e232b9486445dab2f2f9057781b82227fe517000078b8ce6c0c237080106dce994c532b17725f48fac167921aea6e7ed4017dc195bfc6686aa3c6241e72200000
2026/07/28 11:11:59   nonce: 8306
2026/07/28 11:12:00 job 289db5af
2026/07/28 11:12:00 job 07ddf485
2026/07/28 11:12:01 acc 38  rate 460 H/s
2026/07/28 11:12:09 acc 38  rate 430 H/s
2026/07/28 11:12:17 acc 38  rate 464 H/s
2026/07/28 11:12:20 job 8f8a7086
2026/07/28 11:12:25 acc 38  rate 494 H/s
2026/07/28 11:12:33 acc 38  rate 488 H/s
2026/07/28 11:12:40 job d34ff929
2026/07/28 11:12:41 acc 38  rate 461 H/s
2026/07/28 11:12:49 acc 38  rate 441 H/s
2026/07/28 11:12:57 acc 38  rate 423 H/s
2026/07/28 11:13:00 job a80e6d4e
2026/07/28 11:13:05 acc 38  rate 442 H/s
2026/07/28 11:13:13 acc 38  rate 479 H/s
2026/07/28 11:13:20 job 32b2384f
2026/07/28 11:13:21 acc 38  rate 489 H/s
2026/07/28 11:13:29 acc 38  rate 478 H/s
2026/07/28 11:13:37 acc 38  rate 455 H/s
2026/07/28 11:13:45 acc 38  rate 493 H/s
2026/07/28 11:13:53 acc 38  rate 478 H/s
2026/07/28 11:14:01 acc 38  rate 460 H/s
2026/07/28 11:14:09 acc 38  rate 448 H/s
2026/07/28 11:14:17 acc 38  rate 490 H/s
2026/07/28 11:14:25 acc 38  rate 480 H/s
2026/07/28 11:14:33 acc 38  rate 485 H/s
2026/07/28 11:14:41 acc 38  rate 483 H/s
2026/07/28 11:14:49 acc 38  rate 455 H/s
2026/07/28 11:14:57 acc 38  rate 481 H/s
2026/07/28 11:15:05 acc 38  rate 463 H/s
2026/07/28 11:15:13 acc 38  rate 439 H/s
2026/07/28 11:15:21 acc 38  rate 417 H/s
2026/07/28 11:15:29 acc 38  rate 450 H/s
2026/07/28 11:15:37 acc 38  rate 447 H/s
2026/07/28 11:15:45 acc 38  rate 477 H/s
2026/07/28 11:15:53 acc 38  rate 470 H/s
2026/07/28 11:16:01 acc 38  rate 477 H/s
2026/07/28 11:16:09 acc 38  rate 477 H/s
2026/07/28 11:16:17 acc 38  rate 451 H/s
2026/07/28 11:16:25 acc 38  rate 410 H/s
2026/07/28 11:16:33 acc 38  rate 451 H/s
2026/07/28 11:16:41 acc 38  rate 467 H/s
2026/07/28 11:16:49 acc 38  rate 484 H/s
2026/07/28 11:16:57 acc 38  rate 425 H/s
2026/07/28 11:17:05 acc 38  rate 386 H/s
2026/07/28 11:17:13 acc 38  rate 466 H/s
2026/07/28 11:17:21 acc 38  rate 473 H/s
2026/07/28 11:17:29 acc 38  rate 407 H/s
2026/07/28 11:17:37 acc 38  rate 456 H/s
2026/07/28 11:17:40 job 21b6352b
2026/07/28 11:17:45 acc 38  rate 450 H/s
2026/07/28 11:17:53 acc 38  rate 436 H/s
2026/07/28 11:18:00 job a5b16cb9
2026/07/28 11:18:01 acc 38  rate 457 H/s
2026/07/28 11:18:09 acc 38  rate 407 H/s
2026/07/28 11:18:17 acc 38  rate 388 H/s
2026/07/28 11:18:20 job 6c3896cb
2026/07/28 11:18:25 acc 38  rate 426 H/s
2026/07/28 11:18:33 acc 38  rate 428 H/s
2026/07/28 11:18:40 job e0524699
2026/07/28 11:18:41 acc 38  rate 467 H/s
2026/07/28 11:18:49 acc 38  rate 458 H/s
2026/07/28 11:18:57 acc 38  rate 450 H/s
2026/07/28 11:19:00 job aa1fffdc
2026/07/28 11:19:05 acc 38  rate 431 H/s
2026/07/28 11:19:13 acc 38  rate 409 H/s
2026/07/28 11:19:20 job 847e7bf6
2026/07/28 11:19:21 acc 38  rate 429 H/s
2026/07/28 11:19:29 acc 38  rate 453 H/s
2026/07/28 11:19:37 acc 38  rate 415 H/s
2026/07/28 11:19:40 job 4fa9d997
2026/07/28 11:19:45 acc 38  rate 447 H/s
2026/07/28 11:19:53 acc 38  rate 463 H/s
2026/07/28 11:20:00 job 0240ffb1
2026/07/28 11:20:01 acc 38  rate 414 H/s
2026/07/28 11:20:09 acc 38  rate 410 H/s
2026/07/28 11:20:17 acc 38  rate 460 H/s
2026/07/28 11:20:20 job 2cd714f6
2026/07/28 11:20:25 acc 38  rate 472 H/s
2026/07/28 11:20:33 acc 38  rate 456 H/s
2026/07/28 11:20:40 job 27539183
2026/07/28 11:20:41 acc 38  rate 446 H/s
2026/07/28 11:20:49 acc 38  rate 456 H/s
2026/07/28 11:20:57 acc 38  rate 418 H/s
2026/07/28 11:21:00 job 38fb617a
2026/07/28 11:21:05 acc 38  rate 504 H/s
2026/07/28 11:21:13 acc 38  rate 441 H/s
2026/07/28 11:21:20 job 466519c5
2026/07/28 11:21:21 acc 38  rate 479 H/s
2026/07/28 11:21:29 acc 38  rate 469 H/s
2026/07/28 11:21:37 acc 38  rate 422 H/s
2026/07/28 11:21:40 job 77c13751
2026/07/28 11:21:45 acc 38  rate 417 H/s
2026/07/28 11:21:53 acc 38  rate 464 H/s
2026/07/28 11:22:00 job d59576d9
2026/07/28 11:22:01 acc 38  rate 495 H/s
2026/07/28 11:22:09 acc 38  rate 418 H/s
2026/07/28 11:22:17 acc 38  rate 373 H/s
2026/07/28 11:22:20 job 4ec51cce
2026/07/28 11:22:25 acc 38  rate 390 H/s
2026/07/28 11:22:33 acc 38  rate 403 H/s
2026/07/28 11:22:40 job e691dc08
2026/07/28 11:22:41 acc 38  rate 377 H/s
2026/07/28 11:22:49 acc 38  rate 393 H/s
2026/07/28 11:22:57 acc 38  rate 387 H/s
2026/07/28 11:23:00 job 08e9c473
2026/07/28 11:23:05 acc 38  rate 417 H/s
2026/07/28 11:23:13 acc 38  rate 289 H/s
2026/07/28 11:23:20 job 6313695e
2026/07/28 11:23:21 acc 38  rate 384 H/s
2026/07/28 11:23:29 acc 38  rate 419 H/s
2026/07/28 11:23:37 acc 38  rate 452 H/s
2026/07/28 11:23:40 job 0c34be89
2026/07/28 11:23:45 acc 38  rate 461 H/s
2026/07/28 11:23:53 acc 38  rate 430 H/s
2026/07/28 11:24:00 job 0655e8e2
2026/07/28 11:24:01 acc 38  rate 462 H/s
2026/07/28 11:24:09 acc 38  rate 464 H/s
2026/07/28 11:24:17 acc 38  rate 472 H/s
2026/07/28 11:24:20 job 65da1a1e
2026/07/28 11:24:25 acc 38  rate 464 H/s
2026/07/28 11:24:33 acc 38  rate 473 H/s
2026/07/28 11:24:33 BLOCK FOUND by worker 0
2026/07/28 11:24:33   hash (LE): 301ad20600ce2bbab8bd420421d1467903579b8034d6704e8a09a04f70050000
2026/07/28 11:24:33   hash (BE): 000005704fa0098a4e70d634809b57037946d1210442bdb8ba2bce0006d21a30
2026/07/28 11:24:33   header: 010000000c5440df1eeffe332643190c982987dbb58018719ad37183667889a0660800005dc2bf837c6748124c1911f975a94fe97fe92512c43e81d131d24d132dd35aaeb1c9686a10ac211e44190000
2026/07/28 11:24:33   nonce: 6468
2026/07/28 11:24:34 job 81439b6f
2026/07/28 11:24:40 job 12bf772b
2026/07/28 11:24:41 acc 39  rate 479 H/s
2026/07/28 11:24:49 acc 39  rate 432 H/s
2026/07/28 11:24:57 acc 39  rate 441 H/s
2026/07/28 11:25:00 job f0d2127e
2026/07/28 11:25:05 acc 39  rate 430 H/s
2026/07/28 11:25:13 acc 39  rate 447 H/s
2026/07/28 11:25:20 job f7c41598
2026/07/28 11:25:21 acc 39  rate 500 H/s
2026/07/28 11:25:29 acc 39  rate 469 H/s
2026/07/28 11:25:37 acc 39  rate 469 H/s
2026/07/28 11:25:40 job 8acb36db
2026/07/28 11:25:45 acc 39  rate 435 H/s
2026/07/28 11:25:53 acc 39  rate 430 H/s
2026/07/28 11:26:00 job 12d18558
2026/07/28 11:26:01 acc 39  rate 471 H/s
2026/07/28 11:26:09 acc 39  rate 465 H/s
2026/07/28 11:26:17 acc 39  rate 434 H/s
2026/07/28 11:26:25 acc 39  rate 462 H/s
2026/07/28 11:26:33 acc 39  rate 499 H/s
2026/07/28 11:26:41 acc 39  rate 503 H/s
2026/07/28 11:26:49 acc 39  rate 496 H/s
2026/07/28 11:26:57 acc 39  rate 470 H/s
2026/07/28 11:27:05 acc 39  rate 454 H/s
2026/07/28 11:27:13 acc 39  rate 426 H/s
2026/07/28 11:27:21 acc 39  rate 481 H/s
2026/07/28 11:27:29 acc 39  rate 476 H/s
2026/07/28 11:27:37 acc 39  rate 463 H/s
2026/07/28 11:27:45 acc 39  rate 483 H/s
2026/07/28 11:27:53 acc 39  rate 492 H/s
2026/07/28 11:28:01 acc 39  rate 469 H/s
2026/07/28 11:28:02 BLOCK FOUND by worker 3
2026/07/28 11:28:02   hash (LE): 740a343dc7d19b6c87a712f1837c88aafeadbd7a532e973fd53ec9bb7a000000
2026/07/28 11:28:02   hash (BE): 0000007abbc93ed53f972e537abdadfeaa887c83f112a7876c9bd1c73d340a74
2026/07/28 11:28:02   header: 01000000301ad20600ce2bbab8bd420421d1467903579b8034d6704e8a09a04f700500001334c4f452a399d28307284f8b691e9e52a52f85b57caa5dc53945c53454ef9f82ca686ad747221ecfdf0000
2026/07/28 11:28:02   nonce: 57295
2026/07/28 11:28:09 acc 40  rate 476 H/s
2026/07/28 11:28:17 acc 40  rate 444 H/s
2026/07/28 11:28:25 acc 40  rate 473 H/s
2026/07/28 11:28:33 acc 40  rate 489 H/s
2026/07/28 11:28:41 acc 40  rate 461 H/s
2026/07/28 11:28:49 acc 40  rate 447 H/s
2026/07/28 11:28:57 acc 40  rate 476 H/s
2026/07/28 11:29:05 acc 40  rate 439 H/s
2026/07/28 11:29:13 acc 40  rate 391 H/s
2026/07/28 11:29:21 acc 40  rate 368 H/s
2026/07/28 11:29:29 acc 40  rate 418 H/s
2026/07/28 11:29:37 acc 40  rate 452 H/s
2026/07/28 11:29:45 acc 40  rate 466 H/s
2026/07/28 11:29:53 acc 40  rate 456 H/s
2026/07/28 11:30:01 acc 40  rate 462 H/s
2026/07/28 11:30:09 acc 40  rate 465 H/s
2026/07/28 11:30:17 acc 40  rate 456 H/s
2026/07/28 11:30:25 acc 40  rate 456 H/s
2026/07/28 11:30:33 acc 40  rate 426 H/s
2026/07/28 11:30:41 acc 40  rate 452 H/s
2026/07/28 11:30:49 acc 40  rate 500 H/s
2026/07/28 11:30:57 acc 40  rate 501 H/s
2026/07/28 11:31:05 acc 40  rate 429 H/s
2026/07/28 11:31:13 acc 40  rate 479 H/s
2026/07/28 11:31:21 acc 40  rate 511 H/s
2026/07/28 11:31:29 acc 40  rate 448 H/s
2026/07/28 11:31:37 acc 40  rate 451 H/s
2026/07/28 11:31:45 acc 40  rate 434 H/s
2026/07/28 11:31:53 acc 40  rate 482 H/s
2026/07/28 11:32:01 acc 40  rate 470 H/s
2026/07/28 11:32:09 acc 40  rate 454 H/s
2026/07/28 11:32:17 acc 40  rate 463 H/s
2026/07/28 11:32:25 acc 40  rate 477 H/s
2026/07/28 11:32:33 acc 40  rate 485 H/s
2026/07/28 11:32:41 acc 40  rate 466 H/s
2026/07/28 11:32:49 acc 40  rate 512 H/s
2026/07/28 11:32:57 acc 40  rate 435 H/s
2026/07/28 11:33:05 acc 40  rate 468 H/s
2026/07/28 11:33:13 acc 40  rate 444 H/s
2026/07/28 11:33:21 acc 40  rate 491 H/s
2026/07/28 11:33:29 acc 40  rate 464 H/s
2026/07/28 11:33:37 acc 40  rate 406 H/s
2026/07/28 11:33:45 acc 40  rate 450 H/s
2026/07/28 11:33:53 acc 40  rate 434 H/s
2026/07/28 11:34:01 acc 40  rate 461 H/s
2026/07/28 11:34:09 acc 40  rate 459 H/s
2026/07/28 11:34:17 acc 40  rate 475 H/s
2026/07/28 11:34:25 acc 40  rate 471 H/s
2026/07/28 11:34:33 acc 40  rate 450 H/s
2026/07/28 11:34:41 acc 40  rate 455 H/s
2026/07/28 11:34:49 acc 40  rate 408 H/s
2026/07/28 11:34:57 acc 40  rate 446 H/s
2026/07/28 11:35:05 acc 40  rate 480 H/s
2026/07/28 11:35:13 acc 40  rate 474 H/s
2026/07/28 11:35:21 acc 40  rate 448 H/s
2026/07/28 11:35:29 acc 40  rate 464 H/s
2026/07/28 11:35:37 acc 40  rate 434 H/s
2026/07/28 11:35:45 acc 40  rate 448 H/s
2026/07/28 11:35:53 acc 40  rate 451 H/s
2026/07/28 11:36:01 acc 40  rate 443 H/s
2026/07/28 11:36:09 acc 40  rate 433 H/s
2026/07/28 11:36:17 acc 40  rate 457 H/s
2026/07/28 11:36:25 acc 40  rate 455 H/s
2026/07/28 11:36:33 acc 40  rate 456 H/s
2026/07/28 11:36:41 acc 40  rate 477 H/s
2026/07/28 11:36:49 acc 40  rate 439 H/s
2026/07/28 11:36:57 acc 40  rate 430 H/s
2026/07/28 11:37:05 acc 40  rate 467 H/s
2026/07/28 11:37:13 acc 40  rate 439 H/s
2026/07/28 11:37:21 acc 40  rate 452 H/s
2026/07/28 11:37:29 acc 40  rate 438 H/s
2026/07/28 11:37:37 acc 40  rate 457 H/s
2026/07/28 11:37:45 acc 40  rate 435 H/s
2026/07/28 11:37:53 acc 40  rate 467 H/s
2026/07/28 11:38:01 acc 40  rate 493 H/s
2026/07/28 11:38:09 acc 40  rate 493 H/s
2026/07/28 11:38:17 acc 40  rate 432 H/s
2026/07/28 11:38:25 acc 40  rate 440 H/s
2026/07/28 11:38:33 acc 40  rate 483 H/s
2026/07/28 11:38:41 acc 40  rate 481 H/s
2026/07/28 11:38:49 acc 40  rate 502 H/s
2026/07/28 11:38:57 acc 40  rate 433 H/s
2026/07/28 11:39:05 acc 40  rate 423 H/s
2026/07/28 11:39:13 acc 40  rate 400 H/s
2026/07/28 11:39:21 acc 40  rate 460 H/s
2026/07/28 11:39:29 acc 40  rate 467 H/s
2026/07/28 11:39:37 acc 40  rate 456 H/s
2026/07/28 11:39:45 acc 40  rate 499 H/s
2026/07/28 11:39:53 acc 40  rate 453 H/s
2026/07/28 11:40:01 acc 40  rate 452 H/s
2026/07/28 11:40:09 acc 40  rate 447 H/s
2026/07/28 11:40:17 acc 40  rate 434 H/s
2026/07/28 11:40:25 acc 40  rate 468 H/s
2026/07/28 11:40:33 acc 40  rate 453 H/s
2026/07/28 11:40:41 acc 40  rate 413 H/s
2026/07/28 11:40:49 acc 40  rate 407 H/s
2026/07/28 11:40:57 acc 40  rate 449 H/s
2026/07/28 11:41:05 acc 40  rate 494 H/s
2026/07/28 11:41:13 acc 40  rate 451 H/s
2026/07/28 11:41:21 acc 40  rate 421 H/s
2026/07/28 11:41:29 acc 40  rate 437 H/s
2026/07/28 11:41:37 acc 40  rate 429 H/s
2026/07/28 11:41:45 acc 40  rate 432 H/s
2026/07/28 11:41:53 acc 40  rate 459 H/s
2026/07/28 11:42:01 acc 40  rate 467 H/s
2026/07/28 11:42:09 acc 40  rate 481 H/s
2026/07/28 11:42:17 acc 40  rate 427 H/s
2026/07/28 11:42:25 acc 40  rate 419 H/s
2026/07/28 11:42:33 acc 40  rate 434 H/s
2026/07/28 11:42:41 acc 40  rate 442 H/s
2026/07/28 11:42:49 acc 40  rate 426 H/s
2026/07/28 11:42:57 acc 40  rate 444 H/s
2026/07/28 11:43:05 acc 40  rate 489 H/s
2026/07/28 11:43:13 acc 40  rate 417 H/s
2026/07/28 11:43:21 acc 40  rate 503 H/s
2026/07/28 11:43:29 acc 40  rate 443 H/s
2026/07/28 11:43:37 acc 40  rate 484 H/s
2026/07/28 11:43:45 acc 40  rate 476 H/s
2026/07/28 11:43:53 acc 40  rate 476 H/s
2026/07/28 11:44:01 acc 40  rate 445 H/s
2026/07/28 11:44:09 acc 40  rate 473 H/s
2026/07/28 11:44:17 acc 40  rate 425 H/s
2026/07/28 11:44:25 acc 40  rate 436 H/s
2026/07/28 11:44:33 acc 40  rate 497 H/s
2026/07/28 11:44:41 acc 40  rate 461 H/s
2026/07/28 11:44:49 acc 40  rate 468 H/s
2026/07/28 11:44:57 acc 40  rate 461 H/s
2026/07/28 11:45:05 acc 40  rate 476 H/s
2026/07/28 11:45:13 acc 40  rate 449 H/s
2026/07/28 11:45:21 acc 41  rate 447 H/s
2026/07/28 11:45:29 acc 41  rate 453 H/s
2026/07/28 11:45:37 acc 41  rate 407 H/s
2026/07/28 11:45:45 acc 41  rate 453 H/s
2026/07/28 11:45:53 acc 41  rate 507 H/s
2026/07/28 11:46:01 acc 41  rate 459 H/s
2026/07/28 11:46:09 acc 41  rate 455 H/s
2026/07/28 11:46:17 acc 41  rate 473 H/s
2026/07/28 11:46:25 acc 41  rate 446 H/s
2026/07/28 11:46:33 acc 41  rate 489 H/s
2026/07/28 11:46:41 acc 41  rate 452 H/s
2026/07/28 11:46:49 acc 41  rate 460 H/s
2026/07/28 11:46:57 acc 41  rate 452 H/s
2026/07/28 11:47:05 acc 41  rate 467 H/s
2026/07/28 11:47:13 acc 41  rate 458 H/s
2026/07/28 11:47:21 acc 41  rate 485 H/s
2026/07/28 11:47:29 acc 41  rate 438 H/s
2026/07/28 11:47:37 acc 41  rate 492 H/s
2026/07/28 11:47:45 acc 41  rate 462 H/s
2026/07/28 11:47:53 acc 41  rate 446 H/s
2026/07/28 11:48:01 acc 41  rate 424 H/s
2026/07/28 11:48:09 acc 41  rate 446 H/s
2026/07/28 11:48:17 acc 41  rate 503 H/s
2026/07/28 11:48:25 acc 41  rate 476 H/s
2026/07/28 11:48:33 acc 41  rate 433 H/s
2026/07/28 11:48:41 job 5d2b0a89
2026/07/28 11:48:41 acc 41  rate 456 H/s
2026/07/28 11:48:49 acc 41  rate 464 H/s
2026/07/28 11:48:57 acc 41  rate 456 H/s
2026/07/28 11:49:00 job b4829d5e
2026/07/28 11:49:05 acc 41  rate 484 H/s
2026/07/28 11:49:13 acc 41  rate 435 H/s
2026/07/28 11:49:21 job e547d7c2
2026/07/28 11:49:21 acc 41  rate 450 H/s
2026/07/28 11:49:29 acc 41  rate 414 H/s
2026/07/28 11:49:37 acc 41  rate 481 H/s
2026/07/28 11:49:41 job c1c36605
2026/07/28 11:49:45 acc 41  rate 479 H/s
2026/07/28 11:49:53 acc 41  rate 486 H/s
2026/07/28 11:50:01 job 9a554a87
2026/07/28 11:50:01 acc 41  rate 460 H/s
2026/07/28 11:50:09 acc 41  rate 471 H/s
2026/07/28 11:50:17 acc 41  rate 439 H/s
2026/07/28 11:50:21 job f9014a62
2026/07/28 11:50:25 acc 41  rate 456 H/s
2026/07/28 11:50:33 acc 41  rate 496 H/s
2026/07/28 11:50:41 job 4af3b1dd
2026/07/28 11:50:41 acc 41  rate 452 H/s
2026/07/28 11:50:49 acc 41  rate 461 H/s
2026/07/28 11:50:57 acc 41  rate 465 H/s
2026/07/28 11:51:01 job 69dad9ef
2026/07/28 11:51:05 acc 41  rate 490 H/s
2026/07/28 11:51:13 acc 41  rate 464 H/s
2026/07/28 11:51:21 job 353ba34e
2026/07/28 11:51:21 acc 41  rate 435 H/s
2026/07/28 11:51:29 acc 41  rate 489 H/s
2026/07/28 11:51:37 acc 41  rate 480 H/s
2026/07/28 11:51:41 job aea9ab79
2026/07/28 11:51:45 acc 41  rate 518 H/s
2026/07/28 11:51:53 acc 41  rate 478 H/s
2026/07/28 11:52:00 job 32febf43
2026/07/28 11:52:01 acc 41  rate 471 H/s
2026/07/28 11:52:09 acc 41  rate 424 H/s
2026/07/28 11:52:17 acc 41  rate 440 H/s
2026/07/28 11:52:21 job 85336edc
2026/07/28 11:52:25 acc 41  rate 459 H/s
2026/07/28 11:52:33 acc 41  rate 470 H/s
2026/07/28 11:52:41 job 77ddaed5
2026/07/28 11:52:41 acc 41  rate 471 H/s
2026/07/28 11:52:49 acc 41  rate 474 H/s
2026/07/28 11:52:57 acc 41  rate 461 H/s
2026/07/28 11:53:01 job 5344f443
2026/07/28 11:53:05 acc 41  rate 418 H/s
2026/07/28 11:53:13 acc 41  rate 441 H/s
2026/07/28 11:53:21 job 6f6261d0
2026/07/28 11:53:21 acc 41  rate 430 H/s
2026/07/28 11:53:29 acc 41  rate 476 H/s
2026/07/28 11:53:37 acc 41  rate 461 H/s
2026/07/28 11:53:41 job c16e95ca
2026/07/28 11:53:45 acc 41  rate 454 H/s
2026/07/28 11:53:53 acc 41  rate 439 H/s
2026/07/28 11:54:01 job 443b1ccf
2026/07/28 11:54:01 acc 41  rate 408 H/s
2026/07/28 11:54:09 acc 41  rate 459 H/s
2026/07/28 11:54:17 acc 41  rate 468 H/s
2026/07/28 11:54:21 job 7e7676dc
2026/07/28 11:54:25 acc 41  rate 453 H/s
2026/07/28 11:54:33 acc 41  rate 465 H/s
2026/07/28 11:54:41 job 1fbc8386
2026/07/28 11:54:41 acc 41  rate 465 H/s
2026/07/28 11:54:49 acc 41  rate 452 H/s
2026/07/28 11:54:57 acc 41  rate 430 H/s
2026/07/28 11:55:01 job ea87daf9
2026/07/28 11:55:05 acc 41  rate 419 H/s
2026/07/28 11:55:13 acc 41  rate 414 H/s
2026/07/28 11:55:21 job 8b3f5d5b
2026/07/28 11:55:21 acc 41  rate 425 H/s
2026/07/28 11:55:29 acc 41  rate 472 H/s
2026/07/28 11:55:37 acc 41  rate 466 H/s
2026/07/28 11:55:41 job ace3d86f
2026/07/28 11:55:45 acc 41  rate 460 H/s
2026/07/28 11:55:53 acc 41  rate 428 H/s
2026/07/28 11:56:01 job af44233d
2026/07/28 11:56:01 acc 41  rate 468 H/s
2026/07/28 11:56:09 acc 41  rate 454 H/s
2026/07/28 11:56:17 acc 41  rate 450 H/s
2026/07/28 11:56:21 job c697f46a
2026/07/28 11:56:25 acc 41  rate 436 H/s
2026/07/28 11:56:33 acc 41  rate 440 H/s
2026/07/28 11:56:41 job 14c2e9f0
2026/07/28 11:56:41 acc 41  rate 421 H/s
2026/07/28 11:56:49 acc 41  rate 480 H/s
2026/07/28 11:56:57 acc 41  rate 468 H/s
2026/07/28 11:57:01 job 19919210
2026/07/28 11:57:05 acc 41  rate 465 H/s
2026/07/28 11:57:13 acc 41  rate 439 H/s
2026/07/28 11:57:21 acc 41  rate 464 H/s
2026/07/28 11:57:21 job 3bd7ffeb
2026/07/28 11:57:29 acc 41  rate 451 H/s
2026/07/28 11:57:37 acc 41  rate 433 H/s
2026/07/28 11:57:41 job e985691a
2026/07/28 11:57:45 acc 41  rate 436 H/s
2026/07/28 11:57:53 acc 41  rate 424 H/s
2026/07/28 11:58:01 job 71929460
2026/07/28 11:58:01 acc 41  rate 498 H/s
2026/07/28 11:58:09 acc 41  rate 457 H/s
2026/07/28 11:58:17 acc 41  rate 448 H/s
2026/07/28 11:58:21 job 86a5636c
2026/07/28 11:58:25 acc 41  rate 447 H/s
2026/07/28 11:58:33 acc 41  rate 468 H/s
2026/07/28 11:58:41 job 99d120c7
2026/07/28 11:58:41 acc 41  rate 450 H/s
2026/07/28 11:58:49 acc 41  rate 482 H/s
2026/07/28 11:58:57 acc 41  rate 461 H/s
2026/07/28 11:59:01 job 97d562ae
2026/07/28 11:59:05 acc 41  rate 454 H/s
2026/07/28 11:59:13 acc 41  rate 404 H/s
2026/07/28 11:59:21 acc 41  rate 445 H/s
2026/07/28 11:59:21 job d9fcaa32
2026/07/28 11:59:29 acc 41  rate 454 H/s
2026/07/28 11:59:37 acc 41  rate 458 H/s
2026/07/28 11:59:41 job 6d989545
2026/07/28 11:59:45 acc 41  rate 447 H/s
2026/07/28 11:59:53 acc 41  rate 446 H/s
2026/07/28 12:00:01 job 06d51959
2026/07/28 12:00:01 acc 41  rate 500 H/s
2026/07/28 12:00:09 acc 41  rate 446 H/s
2026/07/28 12:00:14 BLOCK FOUND by worker 1
2026/07/28 12:00:14   hash (LE): a79c22a104201d76fc52a7616a1feb8fe78b7a5ba199b5ba7247fc2a3b040000
2026/07/28 12:00:14   hash (BE): 0000043b2afc4772bab599a15b7a8be78feb1f6a61a752fc761d2004a1229ca7
2026/07/28 12:00:14   header: 010000006841086ce8d6ab43f94acd802b6b9a8679b4759a5f4e1724bc524f888e060000a896d02a0de702a011db2e868fbc5db31bbf5bfa7394dbd7e35bb6f38cc4a7e70ed2686ae557221e49150000
2026/07/28 12:00:14   nonce: 5449
2026/07/28 12:00:15 job 9f388197
2026/07/28 12:00:17 acc 42  rate 471 H/s
2026/07/28 12:00:21 job 22509d73
2026/07/28 12:00:25 acc 42  rate 450 H/s
2026/07/28 12:00:33 acc 42  rate 396 H/s
2026/07/28 12:00:41 job 70ba6cc7
2026/07/28 12:00:41 acc 42  rate 369 H/s
2026/07/28 12:00:49 acc 42  rate 398 H/s
2026/07/28 12:00:57 acc 42  rate 383 H/s
2026/07/28 12:01:01 job 094eb681
2026/07/28 12:01:05 acc 42  rate 421 H/s
2026/07/28 12:01:13 acc 42  rate 395 H/s
2026/07/28 12:01:21 acc 42  rate 468 H/s
2026/07/28 12:01:21 job a4436a3f
2026/07/28 12:01:29 acc 42  rate 463 H/s
2026/07/28 12:01:37 acc 42  rate 491 H/s
2026/07/28 12:01:41 job 85973514
2026/07/28 12:01:45 acc 42  rate 473 H/s
2026/07/28 12:01:53 acc 42  rate 439 H/s
2026/07/28 12:02:01 job 6d326453
2026/07/28 12:02:01 acc 42  rate 428 H/s
2026/07/28 12:02:09 acc 42  rate 486 H/s
2026/07/28 12:02:17 acc 42  rate 440 H/s
2026/07/28 12:02:25 acc 42  rate 478 H/s
2026/07/28 12:02:33 acc 42  rate 512 H/s
2026/07/28 12:02:41 acc 42  rate 428 H/s
2026/07/28 12:02:49 acc 42  rate 461 H/s
2026/07/28 12:02:57 acc 42  rate 432 H/s
2026/07/28 12:03:05 acc 42  rate 480 H/s
2026/07/28 12:03:13 acc 42  rate 438 H/s
2026/07/28 12:03:21 acc 42  rate 489 H/s
2026/07/28 12:03:29 acc 42  rate 468 H/s
2026/07/28 12:03:37 acc 42  rate 437 H/s
2026/07/28 12:03:41 job 1b1fed9a
2026/07/28 12:03:45 acc 42  rate 496 H/s
2026/07/28 12:03:53 acc 42  rate 423 H/s
2026/07/28 12:04:01 job 937bfe9e
2026/07/28 12:04:01 acc 42  rate 426 H/s
2026/07/28 12:04:09 acc 42  rate 455 H/s
2026/07/28 12:04:17 acc 42  rate 492 H/s
2026/07/28 12:04:21 job c520c3e1
2026/07/28 12:04:25 acc 42  rate 424 H/s
2026/07/28 12:04:33 acc 42  rate 505 H/s
2026/07/28 12:04:41 acc 42  rate 482 H/s
2026/07/28 12:04:41 job 626e23da
2026/07/28 12:04:49 acc 42  rate 507 H/s
2026/07/28 12:04:57 acc 42  rate 449 H/s
2026/07/28 12:05:01 job 718049dc
2026/07/28 12:05:05 acc 42  rate 495 H/s
2026/07/28 12:05:13 acc 42  rate 423 H/s
2026/07/28 12:05:21 acc 42  rate 513 H/s
2026/07/28 12:05:21 job 026984f4
2026/07/28 12:05:29 acc 42  rate 432 H/s
2026/07/28 12:05:37 acc 42  rate 473 H/s
2026/07/28 12:05:41 job 03c7b8f0
2026/07/28 12:05:45 acc 42  rate 492 H/s
2026/07/28 12:05:53 acc 42  rate 496 H/s
2026/07/28 12:06:01 acc 43  rate 415 H/s
2026/07/28 12:06:01 job 5babba22
2026/07/28 12:06:09 acc 43  rate 438 H/s
2026/07/28 12:06:17 acc 43  rate 489 H/s
2026/07/28 12:06:21 job c88cdbd1
2026/07/28 12:06:25 acc 43  rate 441 H/s
2026/07/28 12:06:33 acc 43  rate 485 H/s
2026/07/28 12:06:41 job 9e166073
2026/07/28 12:06:41 acc 43  rate 455 H/s
2026/07/28 12:06:49 acc 43  rate 492 H/s
2026/07/28 12:06:57 acc 43  rate 421 H/s
2026/07/28 12:07:01 job 087a5e9c
2026/07/28 12:07:05 acc 43  rate 449 H/s
2026/07/28 12:07:13 acc 43  rate 451 H/s
2026/07/28 12:07:21 acc 43  rate 488 H/s
2026/07/28 12:07:21 job c1d05cab
2026/07/28 12:07:29 acc 43  rate 462 H/s
2026/07/28 12:07:37 acc 43  rate 448 H/s
2026/07/28 12:07:41 job 59b338ed
2026/07/28 12:07:45 acc 43  rate 502 H/s
2026/07/28 12:07:53 acc 43  rate 409 H/s
2026/07/28 12:08:01 job a507be03
2026/07/28 12:08:01 acc 43  rate 395 H/s
2026/07/28 12:08:09 acc 43  rate 419 H/s
2026/07/28 12:08:17 acc 43  rate 438 H/s
2026/07/28 12:08:21 job 5a56b6fe
2026/07/28 12:08:25 acc 43  rate 488 H/s
2026/07/28 12:08:33 acc 43  rate 479 H/s
2026/07/28 12:08:41 job e7ccec73
2026/07/28 12:08:41 acc 43  rate 493 H/s
2026/07/28 12:08:49 acc 43  rate 453 H/s
2026/07/28 12:08:57 acc 43  rate 439 H/s
2026/07/28 12:09:01 job e9c385fd
2026/07/28 12:09:05 acc 43  rate 464 H/s
2026/07/28 12:09:13 acc 43  rate 486 H/s
2026/07/28 12:09:21 acc 43  rate 469 H/s
2026/07/28 12:09:22 job 57199ab0
2026/07/28 12:09:29 acc 43  rate 475 H/s
2026/07/28 12:09:37 acc 43  rate 474 H/s
2026/07/28 12:09:41 job 86015133
2026/07/28 12:09:45 acc 43  rate 497 H/s
2026/07/28 12:09:53 acc 43  rate 425 H/s
2026/07/28 12:10:01 job cc4b55b8
2026/07/28 12:10:01 acc 43  rate 462 H/s
2026/07/28 12:10:09 acc 43  rate 449 H/s
2026/07/28 12:10:17 acc 43  rate 471 H/s
2026/07/28 12:10:21 job fefb1b52
2026/07/28 12:10:25 acc 43  rate 482 H/s
2026/07/28 12:10:33 acc 43  rate 440 H/s
2026/07/28 12:10:41 acc 43  rate 430 H/s
2026/07/28 12:10:41 job 823c7800
2026/07/28 12:10:49 acc 43  rate 447 H/s
2026/07/28 12:10:57 acc 43  rate 457 H/s
2026/07/28 12:11:01 job 2931b1da
2026/07/28 12:11:05 acc 43  rate 446 H/s
2026/07/28 12:11:13 acc 43  rate 424 H/s
2026/07/28 12:11:21 acc 43  rate 444 H/s
2026/07/28 12:11:22 job e41d3e3e
2026/07/28 12:11:29 acc 43  rate 435 H/s
2026/07/28 12:11:37 acc 43  rate 432 H/s
2026/07/28 12:11:41 job bb823dcc
2026/07/28 12:11:45 acc 43  rate 430 H/s
2026/07/28 12:11:53 acc 43  rate 447 H/s
2026/07/28 12:12:01 job 8a08f9a7
2026/07/28 12:12:01 acc 43  rate 448 H/s
2026/07/28 12:12:09 acc 43  rate 408 H/s
2026/07/28 12:12:17 acc 43  rate 439 H/s
2026/07/28 12:12:22 job 3a399737
2026/07/28 12:12:25 acc 43  rate 424 H/s
2026/07/28 12:12:33 acc 43  rate 475 H/s
2026/07/28 12:12:41 acc 43  rate 443 H/s
2026/07/28 12:12:41 job 6ba32a47
2026/07/28 12:12:49 acc 43  rate 451 H/s
2026/07/28 12:12:57 acc 43  rate 457 H/s
2026/07/28 12:13:01 job cd1b2056
2026/07/28 12:13:05 acc 44  rate 455 H/s
2026/07/28 12:13:13 acc 44  rate 463 H/s
2026/07/28 12:13:21 acc 44  rate 436 H/s
2026/07/28 12:13:21 job 10e544ac
2026/07/28 12:13:29 acc 44  rate 484 H/s
2026/07/28 12:13:37 acc 44  rate 446 H/s
2026/07/28 12:13:41 job 937ec212
2026/07/28 12:13:45 acc 44  rate 436 H/s
2026/07/28 12:13:53 acc 44  rate 478 H/s
2026/07/28 12:14:01 acc 44  rate 496 H/s
2026/07/28 12:14:01 job a6fbf987
2026/07/28 12:14:09 acc 44  rate 471 H/s
2026/07/28 12:14:17 acc 44  rate 458 H/s
2026/07/28 12:14:21 job fadfce10
2026/07/28 12:14:25 acc 44  rate 463 H/s
2026/07/28 12:14:33 acc 44  rate 477 H/s
2026/07/28 12:14:41 job 305cf70e
2026/07/28 12:14:41 acc 44  rate 440 H/s
2026/07/28 12:14:49 acc 44  rate 478 H/s
2026/07/28 12:14:57 acc 44  rate 470 H/s
2026/07/28 12:15:01 job 52212176
2026/07/28 12:15:05 acc 44  rate 484 H/s
2026/07/28 12:15:13 acc 44  rate 455 H/s
2026/07/28 12:15:21 acc 44  rate 466 H/s
2026/07/28 12:15:21 job a448f598
2026/07/28 12:15:29 acc 44  rate 448 H/s
2026/07/28 12:15:37 acc 44  rate 412 H/s
2026/07/28 12:15:41 job c382f3f1
2026/07/28 12:15:45 acc 44  rate 507 H/s
2026/07/28 12:15:53 acc 44  rate 467 H/s
2026/07/28 12:16:01 acc 44  rate 445 H/s
2026/07/28 12:16:01 job 23d4f55f
2026/07/28 12:16:09 acc 44  rate 481 H/s
2026/07/28 12:16:17 acc 44  rate 454 H/s
2026/07/28 12:16:22 job 0f3d6693
2026/07/28 12:16:25 acc 44  rate 434 H/s
2026/07/28 12:16:33 acc 44  rate 484 H/s
2026/07/28 12:16:41 job 38a4baac
2026/07/28 12:16:41 acc 44  rate 486 H/s
2026/07/28 12:16:49 acc 44  rate 430 H/s
2026/07/28 12:16:57 acc 44  rate 471 H/s
2026/07/28 12:17:01 job 63438f18
2026/07/28 12:17:05 acc 44  rate 463 H/s
2026/07/28 12:17:13 acc 44  rate 480 H/s
2026/07/28 12:17:21 acc 44  rate 442 H/s
2026/07/28 12:17:22 job eece960f
2026/07/28 12:17:29 acc 44  rate 486 H/s
2026/07/28 12:17:37 acc 44  rate 458 H/s
2026/07/28 12:17:41 job 399414b2
2026/07/28 12:17:45 acc 44  rate 492 H/s
2026/07/28 12:17:53 acc 44  rate 466 H/s
2026/07/28 12:18:01 acc 44  rate 409 H/s
2026/07/28 12:18:01 job 5f6c944f
2026/07/28 12:18:09 acc 44  rate 394 H/s
2026/07/28 12:18:17 acc 44  rate 387 H/s
2026/07/28 12:18:21 job 048950dd
2026/07/28 12:18:25 acc 44  rate 334 H/s
2026/07/28 12:18:33 acc 44  rate 380 H/s
2026/07/28 12:18:41 acc 44  rate 425 H/s
2026/07/28 12:18:42 job 485e45e6
2026/07/28 12:18:49 acc 44  rate 485 H/s
2026/07/28 12:18:57 acc 44  rate 485 H/s
2026/07/28 12:19:01 job b0b91014
2026/07/28 12:19:05 acc 44  rate 460 H/s
2026/07/28 12:19:13 acc 44  rate 454 H/s
2026/07/28 12:19:21 acc 44  rate 418 H/s
2026/07/28 12:19:21 job d2aac1ff
2026/07/28 12:19:29 acc 44  rate 429 H/s
2026/07/28 12:19:37 acc 44  rate 319 H/s
2026/07/28 12:19:42 job 5556760f
2026/07/28 12:19:45 acc 44  rate 461 H/s
2026/07/28 12:19:53 acc 44  rate 504 H/s
2026/07/28 12:20:01 acc 44  rate 457 H/s
2026/07/28 12:20:01 job 3d6ae227
2026/07/28 12:20:09 acc 44  rate 416 H/s
2026/07/28 12:20:17 acc 44  rate 409 H/s
2026/07/28 12:20:22 job df05af90
2026/07/28 12:20:25 acc 44  rate 402 H/s
2026/07/28 12:20:33 acc 44  rate 410 H/s
2026/07/28 12:20:41 acc 44  rate 411 H/s
2026/07/28 12:20:41 job 30013ac5
2026/07/28 12:20:49 acc 44  rate 401 H/s
2026/07/28 12:20:57 acc 44  rate 446 H/s
2026/07/28 12:21:01 job 25795634
2026/07/28 12:21:05 acc 44  rate 435 H/s
2026/07/28 12:21:13 acc 44  rate 434 H/s
2026/07/28 12:21:21 acc 44  rate 366 H/s
2026/07/28 12:21:22 job 933fcf75
2026/07/28 12:21:29 acc 44  rate 418 H/s
2026/07/28 12:21:37 acc 44  rate 395 H/s
2026/07/28 12:21:41 job 53cde84c
2026/07/28 12:21:45 acc 44  rate 455 H/s
2026/07/28 12:21:53 acc 44  rate 473 H/s
2026/07/28 12:22:01 job a6c51180
2026/07/28 12:22:01 acc 44  rate 453 H/s
2026/07/28 12:22:09 acc 44  rate 474 H/s
2026/07/28 12:22:17 acc 44  rate 451 H/s
2026/07/28 12:22:22 job 43c9e6a6
2026/07/28 12:22:25 acc 44  rate 410 H/s
2026/07/28 12:22:33 acc 44  rate 463 H/s
2026/07/28 12:22:41 acc 44  rate 420 H/s
2026/07/28 12:22:42 job 7395edfd
2026/07/28 12:22:49 acc 44  rate 466 H/s
2026/07/28 12:22:57 acc 44  rate 489 H/s
2026/07/28 12:23:01 job 339abce7
2026/07/28 12:23:05 acc 44  rate 456 H/s
2026/07/28 12:23:13 acc 44  rate 425 H/s
2026/07/28 12:23:21 acc 44  rate 467 H/s
2026/07/28 12:23:21 job 0801f3cd
2026/07/28 12:23:29 acc 44  rate 437 H/s
2026/07/28 12:23:37 acc 45  rate 416 H/s
2026/07/28 12:23:41 job 50d907b9
2026/07/28 12:23:45 acc 45  rate 462 H/s
2026/07/28 12:23:53 acc 45  rate 437 H/s
2026/07/28 12:24:01 acc 45  rate 479 H/s
2026/07/28 12:24:02 job c0a4b187
2026/07/28 12:24:09 acc 45  rate 434 H/s
2026/07/28 12:24:17 acc 45  rate 428 H/s
2026/07/28 12:24:22 job 10922ae8
2026/07/28 12:24:25 acc 45  rate 414 H/s
2026/07/28 12:24:33 acc 45  rate 423 H/s
2026/07/28 12:24:41 acc 45  rate 372 H/s
2026/07/28 12:24:41 job 608459d6
2026/07/28 12:24:49 acc 45  rate 451 H/s
2026/07/28 12:24:57 acc 45  rate 464 H/s
2026/07/28 12:25:01 job d174bf7d
2026/07/28 12:25:05 acc 45  rate 425 H/s
2026/07/28 12:25:13 acc 45  rate 460 H/s
2026/07/28 12:25:21 acc 45  rate 403 H/s
2026/07/28 12:25:22 job 2b281310
2026/07/28 12:25:29 acc 45  rate 458 H/s
2026/07/28 12:25:37 acc 45  rate 405 H/s
2026/07/28 12:25:41 job c8dc5e15
2026/07/28 12:25:45 acc 45  rate 428 H/s
2026/07/28 12:25:53 acc 45  rate 436 H/s
2026/07/28 12:26:01 acc 45  rate 493 H/s
2026/07/28 12:26:09 acc 45  rate 421 H/s
2026/07/28 12:26:17 acc 45  rate 423 H/s
2026/07/28 12:26:21 job aa869e9e
2026/07/28 12:26:25 acc 45  rate 438 H/s
2026/07/28 12:26:33 acc 46  rate 420 H/s
2026/07/28 12:26:41 acc 46  rate 451 H/s
2026/07/28 12:26:41 job 5ecb6fe7
2026/07/28 12:26:49 acc 46  rate 472 H/s
2026/07/28 12:26:57 acc 46  rate 449 H/s
2026/07/28 12:27:02 job 46152219
2026/07/28 12:27:05 acc 46  rate 472 H/s
2026/07/28 12:27:13 acc 46  rate 428 H/s
2026/07/28 12:27:21 acc 46  rate 462 H/s
2026/07/28 12:27:22 job 175d497b
2026/07/28 12:27:29 acc 46  rate 414 H/s
2026/07/28 12:27:37 acc 46  rate 461 H/s
2026/07/28 12:27:41 job 8d81d57d
2026/07/28 12:27:45 acc 46  rate 422 H/s
2026/07/28 12:27:53 acc 46  rate 438 H/s
2026/07/28 12:28:01 acc 46  rate 439 H/s
2026/07/28 12:28:02 job c33ac548
2026/07/28 12:28:09 acc 46  rate 463 H/s
2026/07/28 12:28:17 acc 46  rate 405 H/s
2026/07/28 12:28:22 job f275b7bd
2026/07/28 12:28:25 acc 46  rate 409 H/s
2026/07/28 12:28:33 acc 46  rate 476 H/s
2026/07/28 12:28:41 acc 46  rate 491 H/s
2026/07/28 12:28:41 job 6b981288
2026/07/28 12:28:49 acc 46  rate 457 H/s
2026/07/28 12:28:57 acc 46  rate 416 H/s
2026/07/28 12:29:01 job 069a97bd
2026/07/28 12:29:05 acc 46  rate 433 H/s
2026/07/28 12:29:13 acc 46  rate 455 H/s
2026/07/28 12:29:21 acc 46  rate 465 H/s
2026/07/28 12:29:22 job be6e504f
2026/07/28 12:29:29 acc 46  rate 410 H/s
2026/07/28 12:29:37 acc 46  rate 442 H/s
2026/07/28 12:29:41 job 032fcda0
2026/07/28 12:29:45 acc 46  rate 432 H/s
2026/07/28 12:29:53 acc 46  rate 444 H/s
2026/07/28 12:30:01 acc 46  rate 430 H/s
2026/07/28 12:30:01 job 3ee11386
2026/07/28 12:30:09 acc 46  rate 444 H/s
2026/07/28 12:30:17 acc 46  rate 430 H/s
2026/07/28 12:30:23 job 43c2e190
2026/07/28 12:30:25 acc 46  rate 422 H/s
2026/07/28 12:30:33 acc 46  rate 445 H/s
2026/07/28 12:30:41 acc 46  rate 445 H/s
2026/07/28 12:30:41 job 16e36980
2026/07/28 12:30:49 acc 46  rate 408 H/s
2026/07/28 12:30:57 acc 46  rate 487 H/s
2026/07/28 12:31:01 job dd630289
2026/07/28 12:31:05 acc 46  rate 438 H/s
2026/07/28 12:31:13 acc 46  rate 399 H/s
2026/07/28 12:31:21 acc 46  rate 459 H/s
2026/07/28 12:31:22 job b6f09fd6
2026/07/28 12:31:29 acc 46  rate 406 H/s
2026/07/28 12:31:37 acc 46  rate 436 H/s
2026/07/28 12:31:41 job fde98dd6
2026/07/28 12:31:45 acc 46  rate 467 H/s
2026/07/28 12:31:53 acc 46  rate 442 H/s
2026/07/28 12:32:01 acc 46  rate 485 H/s
2026/07/28 12:32:01 job 5d98d879
2026/07/28 12:32:09 acc 46  rate 416 H/s
2026/07/28 12:32:17 acc 46  rate 455 H/s
2026/07/28 12:32:22 job e8d3b15e
2026/07/28 12:32:25 acc 46  rate 422 H/s
2026/07/28 12:32:33 acc 46  rate 417 H/s
2026/07/28 12:32:41 acc 46  rate 471 H/s
2026/07/28 12:32:42 job b10909ef
2026/07/28 12:32:49 acc 46  rate 436 H/s
2026/07/28 12:32:57 acc 46  rate 417 H/s
2026/07/28 12:33:01 job e43859ed
2026/07/28 12:33:05 acc 46  rate 432 H/s
2026/07/28 12:33:13 acc 46  rate 336 H/s
2026/07/28 12:33:21 acc 46  rate 399 H/s
2026/07/28 12:33:22 job 263639fe
2026/07/28 12:33:29 acc 46  rate 319 H/s
2026/07/28 12:33:37 acc 46  rate 305 H/s
2026/07/28 12:33:42 job 09e6c9f8
2026/07/28 12:33:45 acc 46  rate 396 H/s
2026/07/28 12:33:53 acc 46  rate 413 H/s
2026/07/28 12:34:01 acc 46  rate 409 H/s
2026/07/28 12:34:01 job 9f1b0b90
2026/07/28 12:34:09 acc 46  rate 423 H/s
2026/07/28 12:34:17 acc 46  rate 411 H/s
2026/07/28 12:34:22 job 9ce570fa
2026/07/28 12:34:25 acc 46  rate 421 H/s
2026/07/28 12:34:33 acc 46  rate 397 H/s
2026/07/28 12:34:41 acc 46  rate 355 H/s
2026/07/28 12:34:41 job dad195bb
2026/07/28 12:34:49 acc 46  rate 397 H/s
2026/07/28 12:34:57 acc 46  rate 429 H/s
2026/07/28 12:35:01 job abf41d1e
2026/07/28 12:35:05 acc 46  rate 426 H/s
2026/07/28 12:35:13 acc 46  rate 412 H/s
2026/07/28 12:35:21 acc 46  rate 425 H/s
2026/07/28 12:35:22 job 123f3668
2026/07/28 12:35:29 acc 46  rate 443 H/s
2026/07/28 12:35:37 acc 46  rate 391 H/s
2026/07/28 12:35:41 job bdf187cd
2026/07/28 12:35:45 acc 46  rate 403 H/s
2026/07/28 12:35:53 acc 46  rate 384 H/s
2026/07/28 12:36:01 acc 46  rate 411 H/s
2026/07/28 12:36:02 job f3ca1a63
2026/07/28 12:36:09 acc 46  rate 399 H/s
2026/07/28 12:36:17 acc 46  rate 427 H/s
2026/07/28 12:36:22 job 01364b6a
2026/07/28 12:36:25 acc 46  rate 435 H/s
2026/07/28 12:36:33 acc 46  rate 390 H/s
2026/07/28 12:36:41 acc 46  rate 380 H/s
2026/07/28 12:36:42 job b5ca589f
2026/07/28 12:36:49 acc 46  rate 419 H/s
2026/07/28 12:36:57 acc 46  rate 464 H/s
2026/07/28 12:37:01 job 25a8ad84
2026/07/28 12:37:05 acc 46  rate 416 H/s
2026/07/28 12:37:13 acc 46  rate 440 H/s
2026/07/28 12:37:21 acc 46  rate 404 H/s
2026/07/28 12:37:22 job bff3ca53
2026/07/28 12:37:29 acc 46  rate 436 H/s
2026/07/28 12:37:37 acc 46  rate 425 H/s
2026/07/28 12:37:42 job 7a35b015
2026/07/28 12:37:45 acc 46  rate 416 H/s
2026/07/28 12:37:53 acc 46  rate 430 H/s
2026/07/28 12:38:01 acc 46  rate 452 H/s
2026/07/28 12:38:01 job f9acc88d
2026/07/28 12:38:09 acc 46  rate 434 H/s
2026/07/28 12:38:17 acc 46  rate 454 H/s
2026/07/28 12:38:22 job 94847b59
2026/07/28 12:38:25 acc 46  rate 421 H/s
2026/07/28 12:38:33 acc 46  rate 435 H/s
2026/07/28 12:38:41 acc 46  rate 402 H/s
2026/07/28 12:38:42 job ef97f81d
2026/07/28 12:38:49 acc 46  rate 377 H/s
2026/07/28 12:38:57 acc 46  rate 464 H/s
2026/07/28 12:39:02 job 5d806fcc
2026/07/28 12:39:05 acc 46  rate 412 H/s
2026/07/28 12:39:13 acc 46  rate 434 H/s
2026/07/28 12:39:21 acc 46  rate 429 H/s
2026/07/28 12:39:22 job 0ecfc1b0
2026/07/28 12:39:29 acc 46  rate 422 H/s
2026/07/28 12:39:37 acc 46  rate 410 H/s
2026/07/28 12:39:42 job 32cbb31d
2026/07/28 12:39:45 acc 46  rate 443 H/s
2026/07/28 12:39:53 acc 46  rate 415 H/s
2026/07/28 12:40:01 acc 46  rate 447 H/s
2026/07/28 12:40:02 job 68fdbd8a
2026/07/28 12:40:09 acc 46  rate 402 H/s
2026/07/28 12:40:17 acc 46  rate 398 H/s
2026/07/28 12:40:22 job 31580925
2026/07/28 12:40:25 acc 46  rate 346 H/s
2026/07/28 12:40:33 acc 46  rate 332 H/s
2026/07/28 12:40:41 acc 46  rate 346 H/s
2026/07/28 12:40:42 job b5620fef
2026/07/28 12:40:49 acc 46  rate 354 H/s
2026/07/28 12:40:57 acc 46  rate 332 H/s
2026/07/28 12:41:02 job faf4df47
2026/07/28 12:41:05 acc 46  rate 322 H/s
2026/07/28 12:41:13 acc 46  rate 356 H/s
2026/07/28 12:41:21 acc 46  rate 348 H/s
2026/07/28 12:41:22 job 688e5654
2026/07/28 12:41:29 acc 46  rate 397 H/s
2026/07/28 12:41:37 acc 46  rate 424 H/s
2026/07/28 12:41:42 job 43b6644a
2026/07/28 12:41:45 acc 47  rate 465 H/s
2026/07/28 12:41:53 acc 47  rate 423 H/s
2026/07/28 12:42:01 acc 47  rate 389 H/s
2026/07/28 12:42:01 job 4631a815
2026/07/28 12:42:09 acc 47  rate 453 H/s
2026/07/28 12:42:17 acc 47  rate 384 H/s
2026/07/28 12:42:22 job 7e2f0001
2026/07/28 12:42:25 acc 47  rate 386 H/s
2026/07/28 12:42:33 acc 47  rate 459 H/s
2026/07/28 12:42:41 acc 47  rate 421 H/s
2026/07/28 12:42:42 job ff24cf78
2026/07/28 12:42:49 acc 47  rate 448 H/s
2026/07/28 12:42:57 acc 47  rate 402 H/s
2026/07/28 12:43:02 job 90437df3
2026/07/28 12:43:05 acc 47  rate 430 H/s
2026/07/28 12:43:13 acc 48  rate 404 H/s
2026/07/28 12:43:21 acc 48  rate 438 H/s
2026/07/28 12:43:22 job 48e65b50
2026/07/28 12:43:29 acc 48  rate 433 H/s
2026/07/28 12:43:37 acc 48  rate 408 H/s
2026/07/28 12:43:42 job 978624f3
2026/07/28 12:43:45 acc 48  rate 430 H/s
2026/07/28 12:43:53 acc 48  rate 443 H/s
2026/07/28 12:44:01 acc 48  rate 334 H/s
2026/07/28 12:44:01 job 8cec573f
2026/07/28 12:44:09 acc 48  rate 382 H/s
2026/07/28 12:44:17 acc 48  rate 402 H/s
2026/07/28 12:44:22 job 27f410e2
2026/07/28 12:44:25 acc 48  rate 364 H/s
2026/07/28 12:44:33 acc 48  rate 461 H/s
2026/07/28 12:44:41 acc 48  rate 416 H/s
2026/07/28 12:44:41 job b3857910
2026/07/28 12:44:49 acc 48  rate 430 H/s
2026/07/28 12:44:57 acc 48  rate 389 H/s
2026/07/28 12:45:02 job e90365c6
2026/07/28 12:45:05 acc 48  rate 449 H/s
2026/07/28 12:45:13 acc 48  rate 414 H/s
2026/07/28 12:45:21 acc 48  rate 445 H/s
2026/07/28 12:45:22 job bf63d11a
2026/07/28 12:45:29 acc 48  rate 424 H/s
2026/07/28 12:45:37 acc 48  rate 448 H/s
2026/07/28 12:45:42 job 17a36b5e
2026/07/28 12:45:45 acc 48  rate 408 H/s
2026/07/28 12:45:53 acc 48  rate 391 H/s
2026/07/28 12:46:01 acc 48  rate 408 H/s
2026/07/28 12:46:02 job 309785ca
2026/07/28 12:46:09 acc 48  rate 418 H/s
2026/07/28 12:46:17 acc 48  rate 445 H/s
2026/07/28 12:46:22 job 61b26d0f
2026/07/28 12:46:25 acc 48  rate 447 H/s
2026/07/28 12:46:33 acc 48  rate 455 H/s
2026/07/28 12:46:41 acc 48  rate 417 H/s
2026/07/28 12:46:42 job 341fad99
2026/07/28 12:46:49 acc 48  rate 411 H/s
2026/07/28 12:46:57 acc 48  rate 448 H/s
2026/07/28 12:47:02 job ebf88936
2026/07/28 12:47:05 acc 48  rate 413 H/s
2026/07/28 12:47:13 acc 48  rate 438 H/s
2026/07/28 12:47:21 acc 48  rate 421 H/s
2026/07/28 12:47:22 job 81b5e8b4
2026/07/28 12:47:29 acc 48  rate 425 H/s
2026/07/28 12:47:37 acc 48  rate 403 H/s
2026/07/28 12:47:42 job d43fd923
2026/07/28 12:47:45 acc 48  rate 414 H/s
2026/07/28 12:47:53 acc 48  rate 431 H/s
2026/07/28 12:48:01 acc 48  rate 458 H/s
2026/07/28 12:48:02 job 7ef74b31
2026/07/28 12:48:09 acc 48  rate 392 H/s
2026/07/28 12:48:17 acc 48  rate 369 H/s
2026/07/28 12:48:23 job 33a4f55b
2026/07/28 12:48:25 acc 48  rate 342 H/s
2026/07/28 12:48:33 acc 48  rate 383 H/s
2026/07/28 12:48:41 acc 48  rate 417 H/s
2026/07/28 12:48:42 job b388b5dc
2026/07/28 12:48:49 acc 48  rate 418 H/s
2026/07/28 12:48:57 acc 48  rate 425 H/s
2026/07/28 12:49:02 job d8982d86
2026/07/28 12:49:05 acc 48  rate 399 H/s
2026/07/28 12:49:13 acc 48  rate 384 H/s
2026/07/28 12:49:21 acc 48  rate 435 H/s
2026/07/28 12:49:22 job 971b0865
2026/07/28 12:49:29 acc 48  rate 414 H/s
2026/07/28 12:49:37 acc 48  rate 393 H/s
2026/07/28 12:49:42 job c45f6e3e
2026/07/28 12:49:45 acc 48  rate 399 H/s
2026/07/28 12:49:53 acc 48  rate 428 H/s
2026/07/28 12:50:01 acc 48  rate 404 H/s
2026/07/28 12:50:02 job eda97f19
2026/07/28 12:50:09 acc 49  rate 372 H/s
2026/07/28 12:50:17 acc 49  rate 398 H/s
2026/07/28 12:50:22 job bf992dde
2026/07/28 12:50:25 acc 49  rate 384 H/s
2026/07/28 12:50:33 acc 49  rate 432 H/s
2026/07/28 12:50:41 acc 49  rate 406 H/s
2026/07/28 12:50:42 job c6292258
2026/07/28 12:50:49 acc 49  rate 383 H/s
2026/07/28 12:50:57 acc 49  rate 440 H/s
2026/07/28 12:51:02 job 791239a9
2026/07/28 12:51:05 acc 49  rate 405 H/s
2026/07/28 12:51:13 acc 49  rate 411 H/s
2026/07/28 12:51:21 acc 49  rate 400 H/s
2026/07/28 12:51:22 job d84e5790
2026/07/28 12:51:29 acc 49  rate 437 H/s
2026/07/28 12:51:37 acc 49  rate 432 H/s
2026/07/28 12:51:42 job 5ec682b2
2026/07/28 12:51:45 acc 49  rate 437 H/s
2026/07/28 12:51:53 acc 49  rate 407 H/s
2026/07/28 12:52:01 acc 49  rate 387 H/s
2026/07/28 12:52:02 job b43f1b24
2026/07/28 12:52:09 acc 49  rate 429 H/s
2026/07/28 12:52:17 acc 49  rate 400 H/s
2026/07/28 12:52:22 job 0d56b7e8
2026/07/28 12:52:25 acc 49  rate 434 H/s
2026/07/28 12:52:33 acc 49  rate 390 H/s
2026/07/28 12:52:41 acc 49  rate 389 H/s
2026/07/28 12:52:42 job 08bcffa9
2026/07/28 12:52:49 acc 49  rate 448 H/s
2026/07/28 12:52:57 acc 49  rate 455 H/s
2026/07/28 12:53:02 job e726a95a
2026/07/28 12:53:05 acc 49  rate 393 H/s
2026/07/28 12:53:13 acc 49  rate 468 H/s
2026/07/28 12:53:21 acc 49  rate 418 H/s
2026/07/28 12:53:22 job b9b6403a
2026/07/28 12:53:29 acc 49  rate 462 H/s
2026/07/28 12:53:37 acc 49  rate 454 H/s
2026/07/28 12:53:42 job 2059d58f
2026/07/28 12:53:45 acc 49  rate 411 H/s
2026/07/28 12:53:53 acc 49  rate 345 H/s
2026/07/28 12:54:01 acc 49  rate 388 H/s
2026/07/28 12:54:02 job f2e4be36
2026/07/28 12:54:09 acc 49  rate 462 H/s
2026/07/28 12:54:17 acc 49  rate 452 H/s
2026/07/28 12:54:22 job b511b927
2026/07/28 12:54:25 acc 49  rate 407 H/s
2026/07/28 12:54:33 acc 49  rate 437 H/s
2026/07/28 12:54:41 acc 49  rate 427 H/s
2026/07/28 12:54:42 job fd255ebd
2026/07/28 12:54:49 acc 49  rate 403 H/s
2026/07/28 12:54:57 acc 49  rate 449 H/s
2026/07/28 12:55:02 job 140cd414
2026/07/28 12:55:05 acc 49  rate 368 H/s
2026/07/28 12:55:13 acc 49  rate 443 H/s
2026/07/28 12:55:21 acc 49  rate 427 H/s
2026/07/28 12:55:22 job cff2f2e6
2026/07/28 12:55:29 acc 49  rate 443 H/s
2026/07/28 12:55:37 acc 49  rate 433 H/s
2026/07/28 12:55:42 job 990b33bf
2026/07/28 12:55:45 acc 49  rate 420 H/s
2026/07/28 12:55:45 Manager: restarting...
2026/07/28 12:55:45 Manager: miner stopped
2026/07/28 12:55:45 Manager: miner started
2026/07/28 12:55:45 Legacycoin Miner | Workers: 4
2026/07/28 12:55:45 job 990b33bf
2026/07/28 12:55:45 job 990b33bf
2026/07/28 12:55:53 acc 0  rate 0 H/s
2026/07/28 12:56:01 acc 0  rate 433 H/s
2026/07/28 12:56:02 job f4660d25
2026/07/28 12:56:09 acc 0  rate 419 H/s
2026/07/28 12:56:17 acc 0  rate 400 H/s
2026/07/28 12:56:22 job d26a19c3
2026/07/28 12:56:25 acc 0  rate 435 H/s
2026/07/28 12:56:33 acc 0  rate 455 H/s
2026/07/28 12:56:41 acc 0  rate 465 H/s
2026/07/28 12:56:42 job e876796b
2026/07/28 12:56:49 acc 0  rate 432 H/s
2026/07/28 12:56:57 acc 0  rate 403 H/s
2026/07/28 12:57:02 job 0cff5cce
2026/07/28 12:57:05 acc 0  rate 403 H/s
2026/07/28 12:57:13 acc 0  rate 432 H/s
2026/07/28 12:57:21 acc 0  rate 399 H/s
2026/07/28 12:57:22 job d19a67a6
2026/07/28 12:57:29 acc 0  rate 480 H/s
2026/07/28 12:57:37 acc 0  rate 372 H/s
2026/07/28 12:57:42 job 137b18d6
2026/07/28 12:57:45 acc 0  rate 399 H/s
2026/07/28 12:57:53 acc 0  rate 462 H/s
2026/07/28 12:58:01 acc 0  rate 436 H/s
2026/07/28 12:58:02 job 374d52af
2026/07/28 12:58:09 acc 0  rate 433 H/s
2026/07/28 12:58:17 acc 0  rate 345 H/s
2026/07/28 12:58:22 job 466a5e64
2026/07/28 12:58:25 acc 0  rate 438 H/s
2026/07/28 12:58:33 acc 0  rate 421 H/s
2026/07/28 12:58:41 acc 0  rate 463 H/s
2026/07/28 12:58:42 job 6bf3df5b
2026/07/28 12:58:49 acc 0  rate 430 H/s
2026/07/28 12:58:57 acc 0  rate 409 H/s
2026/07/28 12:59:02 job 349ebd6c
2026/07/28 12:59:05 acc 0  rate 387 H/s
2026/07/28 12:59:13 acc 0  rate 428 H/s
2026/07/28 12:59:21 acc 0  rate 394 H/s
2026/07/28 12:59:22 job c46817f1
2026/07/28 12:59:29 acc 0  rate 396 H/s
2026/07/28 12:59:37 acc 0  rate 382 H/s
2026/07/28 12:59:42 job 6d041ef4
2026/07/28 12:59:45 acc 0  rate 435 H/s
2026/07/28 12:59:53 acc 0  rate 360 H/s
2026/07/28 13:00:01 acc 0  rate 368 H/s
2026/07/28 13:00:02 job d04cc3da
2026/07/28 13:00:09 acc 0  rate 333 H/s
2026/07/28 13:00:17 acc 0  rate 379 H/s
2026/07/28 13:00:23 job a8a1b3cb
2026/07/28 13:00:25 acc 0  rate 333 H/s
2026/07/28 13:00:33 acc 0  rate 387 H/s
2026/07/28 13:00:41 acc 0  rate 320 H/s
2026/07/28 13:00:42 job 1ff3da47
2026/07/28 13:00:49 acc 0  rate 273 H/s
2026/07/28 13:00:57 acc 0  rate 362 H/s
2026/07/28 13:01:02 job 2230664b
2026/07/28 13:01:05 acc 0  rate 338 H/s
2026/07/28 13:01:13 acc 0  rate 341 H/s
2026/07/28 13:01:21 acc 0  rate 367 H/s
2026/07/28 13:01:22 job 3f73ed3d
2026/07/28 13:01:29 acc 0  rate 320 H/s
2026/07/28 13:01:37 acc 0  rate 342 H/s
2026/07/28 13:01:42 job 415498b7
2026/07/28 13:01:45 acc 0  rate 322 H/s
2026/07/28 13:01:53 acc 0  rate 368 H/s
2026/07/28 13:02:01 acc 0  rate 355 H/s
2026/07/28 13:02:09 acc 0  rate 368 H/s
2026/07/28 13:02:17 acc 0  rate 387 H/s
2026/07/28 13:02:25 acc 0  rate 344 H/s
2026/07/28 13:02:33 acc 0  rate 386 H/s
2026/07/28 13:02:41 acc 0  rate 359 H/s
2026/07/28 13:02:49 acc 0  rate 310 H/s
2026/07/28 13:02:57 acc 0  rate 336 H/s
2026/07/28 13:03:05 acc 0  rate 373 H/s
2026/07/28 13:03:13 acc 0  rate 341 H/s
2026/07/28 13:03:21 acc 0  rate 349 H/s
2026/07/28 13:03:29 acc 0  rate 351 H/s
2026/07/28 13:03:37 acc 0  rate 317 H/s
2026/07/28 13:03:45 acc 0  rate 338 H/s
2026/07/28 13:03:53 acc 0  rate 353 H/s
2026/07/28 13:04:01 acc 0  rate 383 H/s
2026/07/28 13:04:09 acc 0  rate 371 H/s
2026/07/28 13:04:17 acc 0  rate 307 H/s
2026/07/28 13:04:25 acc 0  rate 342 H/s
2026/07/28 13:04:33 acc 0  rate 363 H/s
2026/07/28 13:04:41 acc 0  rate 366 H/s
2026/07/28 13:04:49 acc 0  rate 383 H/s
2026/07/28 13:04:57 acc 0  rate 345 H/s
2026/07/28 13:05:03 job 9c7a10ae
2026/07/28 13:05:05 acc 0  rate 355 H/s
2026/07/28 13:05:13 acc 0  rate 353 H/s
2026/07/28 13:05:21 acc 0  rate 374 H/s
2026/07/28 13:05:22 job ecb2b271
2026/07/28 13:05:29 acc 0  rate 355 H/s
2026/07/28 13:05:37 acc 0  rate 352 H/s
2026/07/28 13:05:42 job afd42fe0
2026/07/28 13:05:45 acc 0  rate 336 H/s
2026/07/28 13:05:53 acc 1  rate 379 H/s
2026/07/28 13:06:01 acc 1  rate 342 H/s
2026/07/28 13:06:03 job dffd083a
2026/07/28 13:06:09 acc 1  rate 349 H/s
2026/07/28 13:06:17 acc 1  rate 371 H/s
2026/07/28 13:06:23 job 93ac3d55
2026/07/28 13:06:25 acc 1  rate 332 H/s
2026/07/28 13:06:33 acc 1  rate 371 H/s
2026/07/28 13:06:41 acc 1  rate 371 H/s
2026/07/28 13:06:42 job 0503810b
2026/07/28 13:06:49 acc 1  rate 362 H/s
2026/07/28 13:06:57 acc 1  rate 389 H/s
2026/07/28 13:07:02 job 5e938cea
2026/07/28 13:07:05 acc 1  rate 317 H/s
2026/07/28 13:07:13 acc 1  rate 329 H/s
2026/07/28 13:07:21 acc 1  rate 369 H/s
2026/07/28 13:07:22 job 1db36f92
2026/07/28 13:07:29 acc 1  rate 395 H/s
2026/07/28 13:07:37 acc 1  rate 364 H/s
2026/07/28 13:07:42 job 3fe78197
2026/07/28 13:07:45 acc 1  rate 331 H/s
2026/07/28 13:07:53 acc 1  rate 374 H/s
2026/07/28 13:08:01 acc 1  rate 376 H/s
2026/07/28 13:08:02 job efaba62c
2026/07/28 13:08:09 acc 1  rate 370 H/s
2026/07/28 13:08:17 acc 1  rate 348 H/s
2026/07/28 13:08:23 job f58705e7
2026/07/28 13:08:25 acc 1  rate 331 H/s
2026/07/28 13:08:33 acc 1  rate 342 H/s
2026/07/28 13:08:41 acc 1  rate 388 H/s
2026/07/28 13:08:42 job 8196d6d7
2026/07/28 13:08:49 acc 1  rate 388 H/s
2026/07/28 13:08:57 acc 1  rate 342 H/s
2026/07/28 13:09:02 job ede2176f
2026/07/28 13:09:05 acc 1  rate 376 H/s
2026/07/28 13:09:13 acc 1  rate 321 H/s
2026/07/28 13:09:21 acc 1  rate 340 H/s
2026/07/28 13:09:23 job f47a282b
2026/07/28 13:09:29 acc 1  rate 369 H/s
2026/07/28 13:09:37 acc 1  rate 345 H/s
2026/07/28 13:09:42 job d235f75a
2026/07/28 13:09:45 acc 1  rate 353 H/s
2026/07/28 13:09:53 acc 1  rate 411 H/s
2026/07/28 13:10:01 acc 1  rate 392 H/s
2026/07/28 13:10:02 job 8c7e0a83
2026/07/28 13:10:09 acc 1  rate 360 H/s
2026/07/28 13:10:17 acc 1  rate 339 H/s
2026/07/28 13:10:23 job adea0ba5
2026/07/28 13:10:25 acc 1  rate 334 H/s
2026/07/28 13:10:33 acc 1  rate 303 H/s
2026/07/28 13:10:41 acc 1  rate 326 H/s
2026/07/28 13:10:42 job 7d2a64ce
2026/07/28 13:10:49 acc 1  rate 360 H/s
2026/07/28 13:10:57 acc 1  rate 373 H/s
2026/07/28 13:11:02 job efbbe9f6
2026/07/28 13:11:05 acc 1  rate 362 H/s
2026/07/28 13:11:13 acc 1  rate 366 H/s
2026/07/28 13:11:21 acc 1  rate 381 H/s
2026/07/28 13:11:22 job d024329f
2026/07/28 13:11:29 acc 1  rate 364 H/s
2026/07/28 13:11:37 acc 1  rate 336 H/s
2026/07/28 13:11:41 Manager: restarting...
2026/07/28 13:11:41 Manager: miner stopped
2026/07/28 13:11:41 Manager: miner started
2026/07/28 13:11:41 Legacycoin Miner | Workers: 4
2026/07/28 13:11:41 job d024329f
2026/07/28 13:11:41 job d024329f
2026/07/28 13:11:42 job 9d66ae9a
2026/07/28 13:11:49 acc 0  rate 0 H/s
2026/07/28 13:11:57 acc 0  rate 363 H/s
2026/07/28 13:12:02 job dac23301
2026/07/28 13:12:05 acc 0  rate 371 H/s
2026/07/28 13:12:13 acc 0  rate 372 H/s
2026/07/28 13:12:21 acc 0  rate 370 H/s
2026/07/28 13:12:22 job 7f15222e
2026/07/28 13:12:29 acc 1  rate 380 H/s
2026/07/28 13:12:37 acc 1  rate 366 H/s
2026/07/28 13:12:42 job b92d8279
2026/07/28 13:12:45 acc 1  rate 337 H/s
2026/07/28 13:12:53 acc 1  rate 348 H/s
2026/07/28 13:13:01 acc 1  rate 335 H/s
2026/07/28 13:13:02 job f58b53e5
2026/07/28 13:13:09 acc 1  rate 353 H/s
2026/07/28 13:13:17 acc 1  rate 363 H/s
2026/07/28 13:13:23 job dd1cfb3f
2026/07/28 13:13:25 acc 1  rate 366 H/s
2026/07/28 13:13:33 acc 1  rate 376 H/s
2026/07/28 13:13:41 acc 1  rate 377 H/s
2026/07/28 13:13:42 job 29546029
2026/07/28 13:13:49 acc 1  rate 374 H/s
2026/07/28 13:13:57 acc 1  rate 344 H/s
2026/07/28 13:14:02 job e174b8e7
2026/07/28 13:14:05 acc 1  rate 334 H/s
2026/07/28 13:14:13 acc 1  rate 353 H/s
2026/07/28 13:14:21 acc 1  rate 384 H/s
2026/07/28 13:14:22 job 167d8e71
2026/07/28 13:14:29 acc 1  rate 340 H/s
2026/07/28 13:14:37 acc 1  rate 389 H/s
2026/07/28 13:14:42 job 0209afc7
2026/07/28 13:14:45 acc 1  rate 378 H/s
2026/07/28 13:14:53 acc 1  rate 365 H/s
2026/07/28 13:15:01 acc 1  rate 359 H/s
2026/07/28 13:15:02 job aa9fcb51
2026/07/28 13:15:09 acc 1  rate 341 H/s
2026/07/28 13:15:17 acc 1  rate 388 H/s
2026/07/28 13:15:23 job 8868002c
2026/07/28 13:15:25 acc 1  rate 363 H/s
2026/07/28 13:15:33 acc 1  rate 339 H/s
2026/07/28 13:15:41 acc 1  rate 370 H/s
2026/07/28 13:15:42 job 23357b28
2026/07/28 13:15:49 acc 1  rate 347 H/s
2026/07/28 13:15:57 acc 1  rate 375 H/s
2026/07/28 13:16:03 job cdb16182
2026/07/28 13:16:05 acc 1  rate 339 H/s
2026/07/28 13:16:13 acc 1  rate 370 H/s
2026/07/28 13:16:21 acc 1  rate 399 H/s
2026/07/28 13:16:22 job b1220e67
2026/07/28 13:16:29 acc 1  rate 356 H/s
2026/07/28 13:16:37 acc 1  rate 402 H/s
2026/07/28 13:16:42 job ed1987f0
2026/07/28 13:16:45 acc 1  rate 396 H/s
2026/07/28 13:16:53 acc 1  rate 359 H/s
2026/07/28 13:17:01 acc 1  rate 395 H/s
2026/07/28 13:17:03 job a78a84e8
2026/07/28 13:17:09 acc 1  rate 363 H/s
2026/07/28 13:17:17 acc 1  rate 392 H/s
2026/07/28 13:17:23 job 63b0c368
2026/07/28 13:17:25 acc 1  rate 416 H/s
2026/07/28 13:17:33 acc 1  rate 359 H/s
2026/07/28 13:17:41 acc 1  rate 373 H/s
2026/07/28 13:17:42 job 38340bba
2026/07/28 13:17:49 acc 1  rate 404 H/s
2026/07/28 13:17:57 acc 1  rate 338 H/s
2026/07/28 13:18:02 job 0e6b02b3
2026/07/28 13:18:05 acc 1  rate 354 H/s
2026/07/28 13:18:13 acc 1  rate 362 H/s
2026/07/28 13:18:21 acc 1  rate 386 H/s
2026/07/28 13:18:23 job 7e1a19a3
2026/07/28 13:18:29 acc 1  rate 366 H/s
2026/07/28 13:18:37 acc 1  rate 332 H/s
2026/07/28 13:18:42 job 72f4eb65
2026/07/28 13:18:45 acc 1  rate 366 H/s
2026/07/28 13:18:53 acc 1  rate 377 H/s
2026/07/28 13:19:01 acc 1  rate 338 H/s
2026/07/28 13:19:02 job 7a06ffa3
2026/07/28 13:19:09 acc 1  rate 332 H/s
2026/07/28 13:19:17 acc 1  rate 330 H/s
2026/07/28 13:19:23 job bdff06d0
2026/07/28 13:19:25 acc 1  rate 333 H/s
2026/07/28 13:19:33 acc 1  rate 363 H/s
2026/07/28 13:19:41 acc 1  rate 371 H/s
2026/07/28 13:19:42 job ff5dfe03
2026/07/28 13:19:49 acc 1  rate 329 H/s
2026/07/28 13:19:57 acc 1  rate 392 H/s
2026/07/28 13:20:02 job 61f07988
2026/07/28 13:20:05 acc 1  rate 378 H/s
2026/07/28 13:20:13 acc 1  rate 352 H/s
2026/07/28 13:20:21 acc 1  rate 342 H/s
2026/07/28 13:20:23 job 16805616
2026/07/28 13:20:29 acc 1  rate 345 H/s
2026/07/28 13:20:37 acc 1  rate 367 H/s
2026/07/28 13:20:42 job 9dce7110
2026/07/28 13:20:45 acc 1  rate 383 H/s
2026/07/28 13:20:53 acc 1  rate 331 H/s
2026/07/28 13:21:01 acc 1  rate 376 H/s
2026/07/28 13:21:03 job c01b218b
2026/07/28 13:21:09 acc 1  rate 387 H/s
2026/07/28 13:21:17 acc 1  rate 354 H/s
2026/07/28 13:21:23 job 1c7ee452
2026/07/28 13:21:25 acc 1  rate 347 H/s
2026/07/28 13:21:33 acc 1  rate 337 H/s
2026/07/28 13:21:41 acc 1  rate 379 H/s
2026/07/28 13:21:42 job 2b7db2d5
2026/07/28 13:21:49 acc 1  rate 340 H/s
2026/07/28 13:21:57 acc 1  rate 344 H/s
2026/07/28 13:22:02 job 958450b9
2026/07/28 13:22:05 acc 1  rate 358 H/s
2026/07/28 13:22:13 acc 2  rate 398 H/s
2026/07/28 13:22:21 acc 2  rate 409 H/s
2026/07/28 13:22:23 job 0393fcae
2026/07/28 13:22:29 acc 2  rate 445 H/s
2026/07/28 13:22:37 acc 2  rate 416 H/s
2026/07/28 13:22:42 job 08f1c542
2026/07/28 13:22:45 acc 2  rate 432 H/s
2026/07/28 13:22:53 acc 2  rate 449 H/s
2026/07/28 13:23:01 acc 2  rate 460 H/s
2026/07/28 13:23:02 job c28fdb89
2026/07/28 13:23:09 acc 2  rate 432 H/s
2026/07/28 13:23:17 acc 2  rate 444 H/s
2026/07/28 13:23:23 job d775152e
2026/07/28 13:23:25 acc 2  rate 404 H/s
2026/07/28 13:23:33 acc 2  rate 401 H/s
2026/07/28 13:23:41 acc 2  rate 447 H/s
2026/07/28 13:23:43 job 4347d167
2026/07/28 13:23:49 acc 2  rate 431 H/s
2026/07/28 13:23:57 acc 2  rate 447 H/s
2026/07/28 13:24:02 job a6b9d976
2026/07/28 13:24:05 acc 2  rate 423 H/s
2026/07/28 13:24:13 acc 2  rate 427 H/s
2026/07/28 13:24:21 acc 2  rate 425 H/s
2026/07/28 13:24:22 job f781c585
2026/07/28 13:24:29 acc 2  rate 447 H/s
2026/07/28 13:24:37 acc 2  rate 379 H/s
2026/07/28 13:24:42 job 1645d47e
2026/07/28 13:24:45 acc 2  rate 404 H/s
2026/07/28 13:24:53 acc 2  rate 417 H/s
2026/07/28 13:25:01 acc 2  rate 472 H/s
2026/07/28 13:25:02 job d0d1ef30
2026/07/28 13:25:09 acc 2  rate 417 H/s
2026/07/28 13:25:17 acc 2  rate 398 H/s
2026/07/28 13:25:22 job 12677b31
2026/07/28 13:25:25 acc 2  rate 450 H/s
2026/07/28 13:25:33 acc 2  rate 426 H/s
2026/07/28 13:25:41 acc 2  rate 435 H/s
2026/07/28 13:25:42 job 30864d71
2026/07/28 13:25:49 acc 2  rate 392 H/s
2026/07/28 13:25:57 acc 2  rate 356 H/s
2026/07/28 13:26:03 job 6f207ddf
2026/07/28 13:26:05 acc 2  rate 422 H/s
2026/07/28 13:26:13 acc 2  rate 407 H/s
2026/07/28 13:26:21 acc 2  rate 459 H/s
2026/07/28 13:26:22 job 41a53111
2026/07/28 13:26:29 acc 2  rate 455 H/s
2026/07/28 13:26:37 acc 2  rate 389 H/s
2026/07/28 13:26:42 job 27b7857c
2026/07/28 13:26:45 acc 3  rate 419 H/s
2026/07/28 13:26:53 acc 3  rate 397 H/s
2026/07/28 13:27:01 acc 3  rate 418 H/s
2026/07/28 13:27:03 job b113c0d6
2026/07/28 13:27:09 acc 3  rate 406 H/s
2026/07/28 13:27:17 acc 4  rate 396 H/s
2026/07/28 13:27:23 job 81c37523
2026/07/28 13:27:25 acc 5  rate 388 H/s
2026/07/28 13:27:33 acc 5  rate 438 H/s
2026/07/28 13:27:41 acc 5  rate 426 H/s
2026/07/28 13:27:42 job a2bbc6ea
2026/07/28 13:27:49 acc 5  rate 426 H/s
2026/07/28 13:27:57 acc 5  rate 424 H/s
2026/07/28 13:28:02 job 695d3fca
2026/07/28 13:28:05 acc 5  rate 362 H/s
2026/07/28 13:28:13 acc 5  rate 401 H/s
2026/07/28 13:28:21 acc 5  rate 381 H/s
2026/07/28 13:28:22 job 672ded83
2026/07/28 13:28:29 acc 5  rate 416 H/s
2026/07/28 13:28:37 acc 5  rate 420 H/s
2026/07/28 13:28:43 job ac3e1b6d
2026/07/28 13:28:45 acc 5  rate 436 H/s
2026/07/28 13:28:53 acc 5  rate 419 H/s
2026/07/28 13:29:01 acc 5  rate 416 H/s
2026/07/28 13:29:02 job 9989cc36
2026/07/28 13:29:09 acc 5  rate 387 H/s
2026/07/28 13:29:17 acc 5  rate 388 H/s
2026/07/28 13:29:22 job 7595f0d8
2026/07/28 13:29:25 acc 5  rate 443 H/s
2026/07/28 13:29:33 acc 5  rate 403 H/s
2026/07/28 13:29:41 acc 5  rate 404 H/s
2026/07/28 13:29:42 job 7c581a70
2026/07/28 13:29:49 acc 5  rate 432 H/s
2026/07/28 13:29:57 acc 5  rate 462 H/s
2026/07/28 13:30:02 job ad130830
2026/07/28 13:30:05 acc 5  rate 385 H/s
2026/07/28 13:30:13 acc 5  rate 384 H/s
2026/07/28 13:30:21 acc 5  rate 412 H/s
2026/07/28 13:30:23 job 5b59cdec
2026/07/28 13:30:29 acc 5  rate 420 H/s
2026/07/28 13:30:37 acc 5  rate 412 H/s
2026/07/28 13:30:42 job a8395c8b
2026/07/28 13:30:45 acc 5  rate 409 H/s
2026/07/28 13:30:53 acc 5  rate 397 H/s
2026/07/28 13:31:01 acc 5  rate 452 H/s
2026/07/28 13:31:02 job 883b2b30
2026/07/28 13:31:09 acc 5  rate 409 H/s
2026/07/28 13:31:17 acc 5  rate 413 H/s
2026/07/28 13:31:23 job 898bbe13
2026/07/28 13:31:25 acc 5  rate 444 H/s
2026/07/28 13:31:33 acc 5  rate 459 H/s
2026/07/28 13:31:41 acc 5  rate 425 H/s
2026/07/28 13:31:42 job 42e49ca0
2026/07/28 13:31:49 acc 5  rate 422 H/s
2026/07/28 13:31:57 acc 5  rate 430 H/s
2026/07/28 13:32:02 job 0bf665f3
2026/07/28 13:32:05 acc 5  rate 425 H/s
2026/07/28 13:32:13 acc 5  rate 418 H/s
2026/07/28 13:32:21 acc 5  rate 394 H/s
2026/07/28 13:32:23 job c401f96d
2026/07/28 13:32:29 acc 5  rate 364 H/s
2026/07/28 13:32:37 acc 5  rate 375 H/s
2026/07/28 13:32:43 job f219698e
2026/07/28 13:32:45 acc 5  rate 372 H/s
2026/07/28 13:32:53 acc 5  rate 334 H/s
2026/07/28 13:33:01 acc 5  rate 352 H/s
2026/07/28 13:33:02 job 12bbab2c
2026/07/28 13:33:09 acc 5  rate 349 H/s
2026/07/28 13:33:17 acc 5  rate 347 H/s
2026/07/28 13:33:23 job 7b2d4cd7
2026/07/28 13:33:25 acc 5  rate 335 H/s
2026/07/28 13:33:33 acc 5  rate 396 H/s
2026/07/28 13:33:41 acc 5  rate 374 H/s
2026/07/28 13:33:42 job 92977e8c
2026/07/28 13:33:49 acc 5  rate 395 H/s
2026/07/28 13:33:57 acc 5  rate 416 H/s
2026/07/28 13:34:02 job 67b36e7a
2026/07/28 13:34:05 acc 5  rate 410 H/s
2026/07/28 13:34:13 acc 5  rate 406 H/s
2026/07/28 13:34:21 acc 5  rate 410 H/s
2026/07/28 13:34:23 job 7d93ebf5
2026/07/28 13:34:29 acc 5  rate 386 H/s
2026/07/28 13:34:37 acc 5  rate 400 H/s
2026/07/28 13:34:43 job 5a4847ee
2026/07/28 13:34:45 acc 5  rate 406 H/s
2026/07/28 13:34:53 acc 5  rate 435 H/s
2026/07/28 13:35:01 acc 5  rate 379 H/s
2026/07/28 13:35:02 job 778955c0
2026/07/28 13:35:09 acc 5  rate 418 H/s
2026/07/28 13:35:17 acc 5  rate 423 H/s
2026/07/28 13:35:23 job 1562c3ad
2026/07/28 13:35:25 acc 5  rate 407 H/s
2026/07/28 13:35:33 acc 5  rate 431 H/s
2026/07/28 13:35:41 acc 5  rate 418 H/s
2026/07/28 13:35:43 job f611cf51
2026/07/28 13:35:49 acc 5  rate 390 H/s
2026/07/28 13:35:57 acc 5  rate 399 H/s
2026/07/28 13:36:03 job 8699d3be
2026/07/28 13:36:05 acc 5  rate 380 H/s
2026/07/28 13:36:13 acc 5  rate 421 H/s
2026/07/28 13:36:21 acc 5  rate 423 H/s
2026/07/28 13:36:23 job 4ab6167f
2026/07/28 13:36:29 acc 5  rate 426 H/s
2026/07/28 13:36:37 acc 5  rate 435 H/s
2026/07/28 13:36:42 job a5f19edc
2026/07/28 13:36:45 acc 5  rate 406 H/s
2026/07/28 13:36:53 acc 5  rate 430 H/s
2026/07/28 13:37:01 acc 5  rate 419 H/s
2026/07/28 13:37:03 job b919539c
2026/07/28 13:37:09 acc 5  rate 423 H/s
2026/07/28 13:37:17 acc 5  rate 412 H/s
2026/07/28 13:37:22 job bbfa4495
2026/07/28 13:37:25 acc 5  rate 444 H/s
2026/07/28 13:37:33 acc 5  rate 430 H/s
2026/07/28 13:37:41 acc 5  rate 449 H/s
2026/07/28 13:37:43 job 47111089
2026/07/28 13:37:49 acc 5  rate 423 H/s
2026/07/28 13:37:57 acc 5  rate 450 H/s
